message_id,date,sender_id,text,preprocessed_text,tokens,image_path,document_path
7414,2025-06-23 10:31:18+00:00,,"📣 Plastic And Metal Cubic Cloth Cabinet

✔️ ዘመናዊ የልብስ ቁምሳጥን
✔️ በቀላሉ የሚገጣጠም የሚነቃቀል
✔️ ከጠንካራ ፕላስቲክና ከብረት ፍሬም የተሰራ
✔️ 1.05ሜትር× 45ሣሜ×1.75ሜትር ስፋት
✔️ ከስሩ 4 ጥንድ ጫማዎችንም ያስቀምጡበታል
✔️ የልጆችና የአዋቂ ልብሶችን ለማስቀመጥ ተመራጭ
✔️ ማራኪ ውበት

       ዋጋ:-5500 ብር

ውስን ፍሬ ነው ያለው

🏢 አድራሻ ቁ.1 👉 መገናኛ ታሜ ጋስ ህንፃ ጎን ስሪ ኤም ሲቲ ሞል  ሁለተኛ ፎቅ ቢሮ ቁ. SL-05A(ከ ሊፍቱ ፊት ለ ፊት)

📍ቁ.2 👉ለቡ  መዳህኒዓለም ቤተ/ክርስቲያን 100ሜ ወደ ሙዚቃ ቤት ከፍ ብሎ  #ዛም_ሞል 2ኛ ፎቅ ቢሮ.ቁ 214


    📲 0909522840
    📲 0923350054

👍ለቡ ቅርንጫፍ📲0973611819


🔖
💬  በTelegram ለማዘዝ ⤵️ ይጠቀሙ
@shager_onlinestore
  
ለተጨማሪ ማብራሪያ የቴሌግራም ገፃችን⤵️
https://t.me/Shageronlinestore     ",📣 plastic and metal cubic cloth cabinet ✔️ ዘመናዊ የልብስ ቁምሳጥን ✔️ በቀላሉ የሚገጣጠም የሚነቃቀል ✔️ ከጠንካራ ፕላስቲክና ከብረት ፍሬም የተሰራ ✔️ 105ሜትር× 45ሣሜ×175ሜትር ስፋት ✔️ ከስሩ 4 ጥንድ ጫማዎችንም ያስቀምጡበታል ✔️ የልጆችና የአዋቂ ልብሶችን ለማስቀመጥ ተመራጭ ✔️ ማራኪ ውበት ዋጋ5500 ብር ውስን ፍሬ ነው ያለው 🏢 አድራሻ ቁ1 👉 መገናኛ ታሜ ጋስ ህንፃ ጎን ስሪ ኤም ሲቲ ሞል ሁለተኛ ፎቅ ቢሮ ቁ sl05aከ ሊፍቱ ፊት ለ ፊት 📍ቁ2 👉ለቡ መዳህኒዓለም ቤተክርስቲያን 100ሜ ወደ ሙዚቃ ቤት ከፍ ብሎ ዛምሞል 2ኛ ፎቅ ቢሮቁ 214 📲 <phone> 📲 <phone> 👍ለቡ ቅርንጫፍ📲<phone> 🔖 💬 በtelegram ለማዘዝ ⤵️ ይጠቀሙ shageronlinestore ለተጨማሪ ማብራሪያ የቴሌግራም ገፃችን⤵️ <url>,"['📣', 'plastic', 'and', 'metal', 'cubic', 'cloth', 'cabinet', '✔️', 'ዘመናዊ', 'የልብስ', 'ቁምሳጥን', '✔️', 'በቀላሉ', 'የሚገጣጠም', 'የሚነቃቀል', '✔️', 'ከጠንካራ', 'ፕላስቲክና', 'ከብረት', 'ፍሬም', 'የተሰራ', '✔️', '105ሜትር×', '45ሣሜ×175ሜትር', 'ስፋት', '✔️', 'ከስሩ', '4', 'ጥንድ', 'ጫማዎችንም', 'ያስቀምጡበታል', '✔️', 'የልጆችና', 'የአዋቂ', 'ልብሶችን', 'ለማስቀመጥ', 'ተመራጭ', '✔️', 'ማራኪ', 'ውበት', 'ዋጋ5500', 'ብር', 'ውስን', 'ፍሬ', 'ነው', 'ያለው', '🏢', 'አድራሻ', 'ቁ1', '👉', 'መገናኛ', 'ታሜ', 'ጋስ', 'ህንፃ', 'ጎን', 'ስሪ', 'ኤም', 'ሲቲ', 'ሞል', 'ሁለተኛ', 'ፎቅ', 'ቢሮ', 'ቁ', 'sl05aከ', 'ሊፍቱ', 'ፊት', 'ለ', 'ፊት', '📍ቁ2', '👉ለቡ', 'መዳህኒዓለም', 'ቤተክርስቲያን', '100ሜ', 'ወደ', 'ሙዚቃ', 'ቤት', 'ከፍ', 'ብሎ', 'ዛምሞል', '2ኛ', 'ፎቅ', 'ቢሮቁ', '214', '📲', '<', 'phone', '>', '📲', '<', 'phone', '>', '👍ለቡ', 'ቅርንጫፍ📲', '<', 'phone', '>', '🔖', '💬', 'በtelegram', 'ለማዘዝ', '⤵️', 'ይጠቀሙ', 'shageronlinestore', 'ለተጨማሪ', 'ማብራሪያ', 'የቴሌግራም', 'ገፃችን⤵️', '<', 'url', '>']",,data/documents\7414.dat
7408,2025-06-23 10:31:17+00:00,,"📣 Plastic And Metal Cubic Cloth Cabinet

✔️ ዘመናዊ የልብስ ቁምሳጥን
✔️ በቀላሉ የሚገጣጠም የሚነቃቀል
✔️ ከጠንካራ ፕላስቲክና ከብረት ፍሬም የተሰራ
✔️ 1.05ሜትር× 45ሣሜ×1.75ሜትር ስፋት
✔️ ከስሩ 4 ጥንድ ጫማዎችንም ያስቀምጡበታል
✔️ የልጆችና የአዋቂ ልብሶችን ለማስቀመጥ ተመራጭ
✔️ ማራኪ ውበት

       ዋጋ:-5500 ብር

ውስን ፍሬ ነው ያለው

🏢 አድራሻ ቁ.1 👉 መገናኛ ታሜ ጋስ ህንፃ ጎን ስሪ ኤም ሲቲ ሞል  ሁለተኛ ፎቅ ቢሮ ቁ. SL-05A(ከ ሊፍቱ ፊት ለ ፊት)

📍ቁ.2 👉ለቡ  መዳህኒዓለም ቤተ/ክርስቲያን 100ሜ ወደ ሙዚቃ ቤት ከፍ ብሎ  #ዛም_ሞል 2ኛ ፎቅ ቢሮ.ቁ 214


    📲 0909522840
    📲 0923350054

👍ለቡ ቅርንጫፍ📲0973611819


🔖
💬  በTelegram ለማዘዝ ⤵️ ይጠቀሙ
@shager_onlinestore
  
ለተጨማሪ ማብራሪያ የቴሌግራም ገፃችን⤵️
https://t.me/Shageronlinestore          

        ",📣 plastic and metal cubic cloth cabinet ✔️ ዘመናዊ የልብስ ቁምሳጥን ✔️ በቀላሉ የሚገጣጠም የሚነቃቀል ✔️ ከጠንካራ ፕላስቲክና ከብረት ፍሬም የተሰራ ✔️ 105ሜትር× 45ሣሜ×175ሜትር ስፋት ✔️ ከስሩ 4 ጥንድ ጫማዎችንም ያስቀምጡበታል ✔️ የልጆችና የአዋቂ ልብሶችን ለማስቀመጥ ተመራጭ ✔️ ማራኪ ውበት ዋጋ5500 ብር ውስን ፍሬ ነው ያለው 🏢 አድራሻ ቁ1 👉 መገናኛ ታሜ ጋስ ህንፃ ጎን ስሪ ኤም ሲቲ ሞል ሁለተኛ ፎቅ ቢሮ ቁ sl05aከ ሊፍቱ ፊት ለ ፊት 📍ቁ2 👉ለቡ መዳህኒዓለም ቤተክርስቲያን 100ሜ ወደ ሙዚቃ ቤት ከፍ ብሎ ዛምሞል 2ኛ ፎቅ ቢሮቁ 214 📲 <phone> 📲 <phone> 👍ለቡ ቅርንጫፍ📲<phone> 🔖 💬 በtelegram ለማዘዝ ⤵️ ይጠቀሙ shageronlinestore ለተጨማሪ ማብራሪያ የቴሌግራም ገፃችን⤵️ <url>,"['📣', 'plastic', 'and', 'metal', 'cubic', 'cloth', 'cabinet', '✔️', 'ዘመናዊ', 'የልብስ', 'ቁምሳጥን', '✔️', 'በቀላሉ', 'የሚገጣጠም', 'የሚነቃቀል', '✔️', 'ከጠንካራ', 'ፕላስቲክና', 'ከብረት', 'ፍሬም', 'የተሰራ', '✔️', '105ሜትር×', '45ሣሜ×175ሜትር', 'ስፋት', '✔️', 'ከስሩ', '4', 'ጥንድ', 'ጫማዎችንም', 'ያስቀምጡበታል', '✔️', 'የልጆችና', 'የአዋቂ', 'ልብሶችን', 'ለማስቀመጥ', 'ተመራጭ', '✔️', 'ማራኪ', 'ውበት', 'ዋጋ5500', 'ብር', 'ውስን', 'ፍሬ', 'ነው', 'ያለው', '🏢', 'አድራሻ', 'ቁ1', '👉', 'መገናኛ', 'ታሜ', 'ጋስ', 'ህንፃ', 'ጎን', 'ስሪ', 'ኤም', 'ሲቲ', 'ሞል', 'ሁለተኛ', 'ፎቅ', 'ቢሮ', 'ቁ', 'sl05aከ', 'ሊፍቱ', 'ፊት', 'ለ', 'ፊት', '📍ቁ2', '👉ለቡ', 'መዳህኒዓለም', 'ቤተክርስቲያን', '100ሜ', 'ወደ', 'ሙዚቃ', 'ቤት', 'ከፍ', 'ብሎ', 'ዛምሞል', '2ኛ', 'ፎቅ', 'ቢሮቁ', '214', '📲', '<', 'phone', '>', '📲', '<', 'phone', '>', '👍ለቡ', 'ቅርንጫፍ📲', '<', 'phone', '>', '🔖', '💬', 'በtelegram', 'ለማዘዝ', '⤵️', 'ይጠቀሙ', 'shageronlinestore', 'ለተጨማሪ', 'ማብራሪያ', 'የቴሌግራም', 'ገፃችን⤵️', '<', 'url', '>']",data/images\7408.jpg,
7407,2025-06-23 07:27:17+00:00,,"💥 wc toilet rack/washing machin rack

⚡️ የመፀዳጃ ቤትዕቃዎች  መደርደሪያ
⚡️ ጠንካራ ብረት
⚡️ ሼልፉ የላሜራ 
⚡️ ብዙ ነገሮችን ያስቀምጡበታል
⚡️ አገጣጠሙ ቀላል
⚡️ በራሱ የሚቆም
⚡️ 1.60ሜትር ቁመት፣ 47ሣሜ ስፋት እና ሰፊው አካላ 25ሣሜ ጥልቀት ያለው
⚡️ ለኮንዶሚኒየም/አፓርታማ ቤቶች የሚፈለግ
        
       ዋጋ:- 3500ብር✅

✖️ውስን ፍሬ ነው ያለው

🏢 አድራሻ ቁ.1 👉 መገናኛ ስሪ ኤም ሲቲ ሞል  ሁለተኛ ፎቅ ቢሮ ቁ. SL-05A(ከ ሊፍቱ ፊት ለ ፊት)

📍ቁ.2 👉ለቡ  መዳህኒዓለም ቤተ/ክርስቲያን ፊት ለፊት  #ዛም_ሞል 2ኛ ፎቅ ቢሮ ቁጥር.214


👍ለቡ ቅርንጫፍ📲0973611819

     💧💧💧💧


    📲 0909522840
    📲 0923350054

🔖
💬  በTelegram ለማዘዝ ⤵️ ይጠቀሙ
@shager_onlinestore
  
ለተጨማሪ ማብራሪያ የቴሌግራም ገፃችን⤵️
https://t.me/Shageronlinestore",💥 wc toilet rackwashing machin rack ⚡️ የመፀዳጃ ቤትዕቃዎች መደርደሪያ ⚡️ ጠንካራ ብረት ⚡️ ሼልፉ የላሜራ ⚡️ ብዙ ነገሮችን ያስቀምጡበታል ⚡️ አገጣጠሙ ቀላል ⚡️ በራሱ የሚቆም ⚡️ 160ሜትር ቁመት 47ሣሜ ስፋት እና ሰፊው አካላ 25ሣሜ ጥልቀት ያለው ⚡️ ለኮንዶሚኒየምአፓርታማ ቤቶች የሚፈለግ ዋጋ 3500ብር✅ ✖️ውስን ፍሬ ነው ያለው 🏢 አድራሻ ቁ1 👉 መገናኛ ስሪ ኤም ሲቲ ሞል ሁለተኛ ፎቅ ቢሮ ቁ sl05aከ ሊፍቱ ፊት ለ ፊት 📍ቁ2 👉ለቡ መዳህኒዓለም ቤተክርስቲያን ፊት ለፊት ዛምሞል 2ኛ ፎቅ ቢሮ ቁጥር214 👍ለቡ ቅርንጫፍ📲<phone> 💧💧💧💧 📲 <phone> 📲 <phone> 🔖 💬 በtelegram ለማዘዝ ⤵️ ይጠቀሙ shageronlinestore ለተጨማሪ ማብራሪያ የቴሌግራም ገፃችን⤵️ <url>,"['💥', 'wc', 'toilet', 'rackwashing', 'machin', 'rack', '⚡️', 'የመፀዳጃ', 'ቤትዕቃዎች', 'መደርደሪያ', '⚡️', 'ጠንካራ', 'ብረት', '⚡️', 'ሼልፉ', 'የላሜራ', '⚡️', 'ብዙ', 'ነገሮችን', 'ያስቀምጡበታል', '⚡️', 'አገጣጠሙ', 'ቀላል', '⚡️', 'በራሱ', 'የሚቆም', '⚡️', '160ሜትር', 'ቁመት', '47ሣሜ', 'ስፋት', 'እና', 'ሰፊው', 'አካላ', '25ሣሜ', 'ጥልቀት', 'ያለው', '⚡️', 'ለኮንዶሚኒየምአፓርታማ', 'ቤቶች', 'የሚፈለግ', 'ዋጋ', '3500ብር✅', '✖️ውስን', 'ፍሬ', 'ነው', 'ያለው', '🏢', 'አድራሻ', 'ቁ1', '👉', 'መገናኛ', 'ስሪ', 'ኤም', 'ሲቲ', 'ሞል', 'ሁለተኛ', 'ፎቅ', 'ቢሮ', 'ቁ', 'sl05aከ', 'ሊፍቱ', 'ፊት', 'ለ', 'ፊት', '📍ቁ2', '👉ለቡ', 'መዳህኒዓለም', 'ቤተክርስቲያን', 'ፊት', 'ለፊት', 'ዛምሞል', '2ኛ', 'ፎቅ', 'ቢሮ', 'ቁጥር214', '👍ለቡ', 'ቅርንጫፍ📲', '<', 'phone', '>', '💧💧💧💧', '📲', '<', 'phone', '>', '📲', '<', 'phone', '>', '🔖', '💬', 'በtelegram', 'ለማዘዝ', '⤵️', 'ይጠቀሙ', 'shageronlinestore', 'ለተጨማሪ', 'ማብራሪያ', 'የቴሌግራም', 'ገፃችን⤵️', '<', 'url', '>']",,data/documents\7407.dat
7406,2025-06-23 07:27:17+00:00,,"💥 wc toilet rack/washing machin rack

⚡️ የመፀዳጃ ቤትዕቃዎች  መደርደሪያ
⚡️ ጠንካራ ብረት
⚡️ ሼልፉ የላሜራ 
⚡️ ብዙ ነገሮችን ያስቀምጡበታል
⚡️ አገጣጠሙ ቀላል
⚡️ በራሱ የሚቆም
⚡️ 1.60ሜትር ቁመት፣ 47ሣሜ ስፋት እና ሰፊው አካላ 25ሣሜ ጥልቀት ያለው
⚡️ ለኮንዶሚኒየም/አፓርታማ ቤቶች የሚፈለግ
        
       ዋጋ:- 3500ብር✅

✖️ውስን ፍሬ ነው ያለው

🏢 አድራሻ ቁ.1 👉 መገናኛ ስሪ ኤም ሲቲ ሞል  ሁለተኛ ፎቅ ቢሮ ቁ. SL-05A(ከ ሊፍቱ ፊት ለ ፊት)

📍ቁ.2 👉ለቡ  መዳህኒዓለም ቤተ/ክርስቲያን ፊት ለፊት  #ዛም_ሞል 2ኛ ፎቅ ቢሮ ቁጥር.214


👍ለቡ ቅርንጫፍ📲0973611819

     💧💧💧💧


    📲 0909522840
    📲 0923350054

🔖
💬  በTelegram ለማዘዝ ⤵️ ይጠቀሙ
@shager_onlinestore
  
ለተጨማሪ ማብራሪያ የቴሌግራም ገፃችን⤵️
https://t.me/Shageronlinestore",💥 wc toilet rackwashing machin rack ⚡️ የመፀዳጃ ቤትዕቃዎች መደርደሪያ ⚡️ ጠንካራ ብረት ⚡️ ሼልፉ የላሜራ ⚡️ ብዙ ነገሮችን ያስቀምጡበታል ⚡️ አገጣጠሙ ቀላል ⚡️ በራሱ የሚቆም ⚡️ 160ሜትር ቁመት 47ሣሜ ስፋት እና ሰፊው አካላ 25ሣሜ ጥልቀት ያለው ⚡️ ለኮንዶሚኒየምአፓርታማ ቤቶች የሚፈለግ ዋጋ 3500ብር✅ ✖️ውስን ፍሬ ነው ያለው 🏢 አድራሻ ቁ1 👉 መገናኛ ስሪ ኤም ሲቲ ሞል ሁለተኛ ፎቅ ቢሮ ቁ sl05aከ ሊፍቱ ፊት ለ ፊት 📍ቁ2 👉ለቡ መዳህኒዓለም ቤተክርስቲያን ፊት ለፊት ዛምሞል 2ኛ ፎቅ ቢሮ ቁጥር214 👍ለቡ ቅርንጫፍ📲<phone> 💧💧💧💧 📲 <phone> 📲 <phone> 🔖 💬 በtelegram ለማዘዝ ⤵️ ይጠቀሙ shageronlinestore ለተጨማሪ ማብራሪያ የቴሌግራም ገፃችን⤵️ <url>,"['💥', 'wc', 'toilet', 'rackwashing', 'machin', 'rack', '⚡️', 'የመፀዳጃ', 'ቤትዕቃዎች', 'መደርደሪያ', '⚡️', 'ጠንካራ', 'ብረት', '⚡️', 'ሼልፉ', 'የላሜራ', '⚡️', 'ብዙ', 'ነገሮችን', 'ያስቀምጡበታል', '⚡️', 'አገጣጠሙ', 'ቀላል', '⚡️', 'በራሱ', 'የሚቆም', '⚡️', '160ሜትር', 'ቁመት', '47ሣሜ', 'ስፋት', 'እና', 'ሰፊው', 'አካላ', '25ሣሜ', 'ጥልቀት', 'ያለው', '⚡️', 'ለኮንዶሚኒየምአፓርታማ', 'ቤቶች', 'የሚፈለግ', 'ዋጋ', '3500ብር✅', '✖️ውስን', 'ፍሬ', 'ነው', 'ያለው', '🏢', 'አድራሻ', 'ቁ1', '👉', 'መገናኛ', 'ስሪ', 'ኤም', 'ሲቲ', 'ሞል', 'ሁለተኛ', 'ፎቅ', 'ቢሮ', 'ቁ', 'sl05aከ', 'ሊፍቱ', 'ፊት', 'ለ', 'ፊት', '📍ቁ2', '👉ለቡ', 'መዳህኒዓለም', 'ቤተክርስቲያን', 'ፊት', 'ለፊት', 'ዛምሞል', '2ኛ', 'ፎቅ', 'ቢሮ', 'ቁጥር214', '👍ለቡ', 'ቅርንጫፍ📲', '<', 'phone', '>', '💧💧💧💧', '📲', '<', 'phone', '>', '📲', '<', 'phone', '>', '🔖', '💬', 'በtelegram', 'ለማዘዝ', '⤵️', 'ይጠቀሙ', 'shageronlinestore', 'ለተጨማሪ', 'ማብራሪያ', 'የቴሌግራም', 'ገፃችን⤵️', '<', 'url', '>']",data/images\7406.jpg,
7403,2025-06-21 14:15:20+00:00,,"👋 BARDEFU 2 IN 1 Multi purpose juicer

👉 ኳሊቲ የሆነ የጁስ መፍጫ 
👉 የጀርመን ቴክኖሎጂ የሆነ 
👉 3 ሌትር ጁስ የሚፈጭ ጆግ ያለው 
👉 የብና እና የቅመማ ቅመም መፍጫ ያለው 
👉 8000Watt የሆነ
👉 ምላጮቹ ጠንካራ የሆኑ 
👉 ለቤት እንዲሁም ለስራ የሚሆን  አሪፍ እቃ 
👉 ለአጠቃቀም ቀላል 
👉 በረዶ ይፈጫል
             
           ዋጋ:-6800ብር

ውስን ፍሬ ነው ያለን/ Limited Stock

🏢 አድራሻ ቁ.1 👉 መገናኛ ታሜ ጋስ ህንፃ ጎን ስሪ ኤም ሲቲ ሞል  ሁለተኛ ፎቅ ቢሮ ቁ. SL-05A(ከ ሊፍቱ ፊት ለ ፊት)

📍ቁ.2 👉ለቡ  መዳህኒዓለም ቤተ/ክርስቲያን  ወደ ሙዚቃ ቤት ከፍ ብሎ  #ዛም_ሞል 2ኛ ፎቅ ቢሮ.ቁ 214


    📲 0909522840
    📲 0923350054

👍ለቡ ቅርንጫፍ📲0973611819


🔖
💬  በTelegram ለማዘዝ ⤵️ ይጠቀሙ
@shager_onlinestore
  
ለተጨማሪ ማብራሪያ የቴሌግራም ገፃችን⤵️
https://t.me/Shageronlinestore",👋 bardefu 2 in 1 multi purpose juicer 👉 ኳሊቲ የሆነ የጁስ መፍጫ 👉 የጀርመን ቴክኖሎጂ የሆነ 👉 3 ሌትር ጁስ የሚፈጭ ጆግ ያለው 👉 የብና እና የቅመማ ቅመም መፍጫ ያለው 👉 8000watt የሆነ 👉 ምላጮቹ ጠንካራ የሆኑ 👉 ለቤት እንዲሁም ለስራ የሚሆን አሪፍ እቃ 👉 ለአጠቃቀም ቀላል 👉 በረዶ ይፈጫል ዋጋ6800ብር ውስን ፍሬ ነው ያለን limited stock 🏢 አድራሻ ቁ1 👉 መገናኛ ታሜ ጋስ ህንፃ ጎን ስሪ ኤም ሲቲ ሞል ሁለተኛ ፎቅ ቢሮ ቁ sl05aከ ሊፍቱ ፊት ለ ፊት 📍ቁ2 👉ለቡ መዳህኒዓለም ቤተክርስቲያን ወደ ሙዚቃ ቤት ከፍ ብሎ ዛምሞል 2ኛ ፎቅ ቢሮቁ 214 📲 <phone> 📲 <phone> 👍ለቡ ቅርንጫፍ📲<phone> 🔖 💬 በtelegram ለማዘዝ ⤵️ ይጠቀሙ shageronlinestore ለተጨማሪ ማብራሪያ የቴሌግራም ገፃችን⤵️ <url>,"['👋', 'bardefu', '2', 'in', '1', 'multi', 'purpose', 'juicer', '👉', 'ኳሊቲ', 'የሆነ', 'የጁስ', 'መፍጫ', '👉', 'የጀርመን', 'ቴክኖሎጂ', 'የሆነ', '👉', '3', 'ሌትር', 'ጁስ', 'የሚፈጭ', 'ጆግ', 'ያለው', '👉', 'የብና', 'እና', 'የቅመማ', 'ቅመም', 'መፍጫ', 'ያለው', '👉', '8000watt', 'የሆነ', '👉', 'ምላጮቹ', 'ጠንካራ', 'የሆኑ', '👉', 'ለቤት', 'እንዲሁም', 'ለስራ', 'የሚሆን', 'አሪፍ', 'እቃ', '👉', 'ለአጠቃቀም', 'ቀላል', '👉', 'በረዶ', 'ይፈጫል', 'ዋጋ6800ብር', 'ውስን', 'ፍሬ', 'ነው', 'ያለን', 'limited', 'stock', '🏢', 'አድራሻ', 'ቁ1', '👉', 'መገናኛ', 'ታሜ', 'ጋስ', 'ህንፃ', 'ጎን', 'ስሪ', 'ኤም', 'ሲቲ', 'ሞል', 'ሁለተኛ', 'ፎቅ', 'ቢሮ', 'ቁ', 'sl05aከ', 'ሊፍቱ', 'ፊት', 'ለ', 'ፊት', '📍ቁ2', '👉ለቡ', 'መዳህኒዓለም', 'ቤተክርስቲያን', 'ወደ', 'ሙዚቃ', 'ቤት', 'ከፍ', 'ብሎ', 'ዛምሞል', '2ኛ', 'ፎቅ', 'ቢሮቁ', '214', '📲', '<', 'phone', '>', '📲', '<', 'phone', '>', '👍ለቡ', 'ቅርንጫፍ📲', '<', 'phone', '>', '🔖', '💬', 'በtelegram', 'ለማዘዝ', '⤵️', 'ይጠቀሙ', 'shageronlinestore', 'ለተጨማሪ', 'ማብራሪያ', 'የቴሌግራም', 'ገፃችን⤵️', '<', 'url', '>']",data/images\7403.jpg,
7402,2025-06-21 14:12:57+00:00,,"👋 BARDEFU 2 IN 1 Multi purpose juicer

👉 ኳሊቲ የሆነ የጁስ መፍጫ 
👉 የጀርመን ቴክኖሎጂ የሆነ 
👉 3 ሌትር ጁስ የሚፈጭ ጆግ ያለው 
👉 የብና እና የቅመማ ቅመም መፍጫ ያለው 
👉 8000Watt የሆነ
👉 ምላጮቹ ጠንካራ የሆኑ 
👉 ለቤት እንዲሁም ለስራ የሚሆን  አሪፍ እቃ 
👉 ለአጠቃቀም ቀላል 
👉 በረዶ ይፈጫል
             
           ዋጋ:-6800ብር

ውስን ፍሬ ነው ያለን/ Limited Stock

🏢 አድራሻ ቁ.1 👉 መገናኛ ታሜ ጋስ ህንፃ ጎን ስሪ ኤም ሲቲ ሞል  ሁለተኛ ፎቅ ቢሮ ቁ. SL-05A(ከ ሊፍቱ ፊት ለ ፊት)

📍ቁ.2 👉ለቡ  መዳህኒዓለም ቤተ/ክርስቲያን  ወደ ሙዚቃ ቤት ከፍ ብሎ  #ዛም_ሞል 2ኛ ፎቅ ቢሮ.ቁ 214


    📲 0909522840
    📲 0923350054

👍ለቡ ቅርንጫፍ📲0973611819


🔖
💬  በTelegram ለማዘዝ ⤵️ ይጠቀሙ
@shager_onlinestore
  
ለተጨማሪ ማብራሪያ የቴሌግራም ገፃችን⤵️
https://t.me/Shageronlinestore",👋 bardefu 2 in 1 multi purpose juicer 👉 ኳሊቲ የሆነ የጁስ መፍጫ 👉 የጀርመን ቴክኖሎጂ የሆነ 👉 3 ሌትር ጁስ የሚፈጭ ጆግ ያለው 👉 የብና እና የቅመማ ቅመም መፍጫ ያለው 👉 8000watt የሆነ 👉 ምላጮቹ ጠንካራ የሆኑ 👉 ለቤት እንዲሁም ለስራ የሚሆን አሪፍ እቃ 👉 ለአጠቃቀም ቀላል 👉 በረዶ ይፈጫል ዋጋ6800ብር ውስን ፍሬ ነው ያለን limited stock 🏢 አድራሻ ቁ1 👉 መገናኛ ታሜ ጋስ ህንፃ ጎን ስሪ ኤም ሲቲ ሞል ሁለተኛ ፎቅ ቢሮ ቁ sl05aከ ሊፍቱ ፊት ለ ፊት 📍ቁ2 👉ለቡ መዳህኒዓለም ቤተክርስቲያን ወደ ሙዚቃ ቤት ከፍ ብሎ ዛምሞል 2ኛ ፎቅ ቢሮቁ 214 📲 <phone> 📲 <phone> 👍ለቡ ቅርንጫፍ📲<phone> 🔖 💬 በtelegram ለማዘዝ ⤵️ ይጠቀሙ shageronlinestore ለተጨማሪ ማብራሪያ የቴሌግራም ገፃችን⤵️ <url>,"['👋', 'bardefu', '2', 'in', '1', 'multi', 'purpose', 'juicer', '👉', 'ኳሊቲ', 'የሆነ', 'የጁስ', 'መፍጫ', '👉', 'የጀርመን', 'ቴክኖሎጂ', 'የሆነ', '👉', '3', 'ሌትር', 'ጁስ', 'የሚፈጭ', 'ጆግ', 'ያለው', '👉', 'የብና', 'እና', 'የቅመማ', 'ቅመም', 'መፍጫ', 'ያለው', '👉', '8000watt', 'የሆነ', '👉', 'ምላጮቹ', 'ጠንካራ', 'የሆኑ', '👉', 'ለቤት', 'እንዲሁም', 'ለስራ', 'የሚሆን', 'አሪፍ', 'እቃ', '👉', 'ለአጠቃቀም', 'ቀላል', '👉', 'በረዶ', 'ይፈጫል', 'ዋጋ6800ብር', 'ውስን', 'ፍሬ', 'ነው', 'ያለን', 'limited', 'stock', '🏢', 'አድራሻ', 'ቁ1', '👉', 'መገናኛ', 'ታሜ', 'ጋስ', 'ህንፃ', 'ጎን', 'ስሪ', 'ኤም', 'ሲቲ', 'ሞል', 'ሁለተኛ', 'ፎቅ', 'ቢሮ', 'ቁ', 'sl05aከ', 'ሊፍቱ', 'ፊት', 'ለ', 'ፊት', '📍ቁ2', '👉ለቡ', 'መዳህኒዓለም', 'ቤተክርስቲያን', 'ወደ', 'ሙዚቃ', 'ቤት', 'ከፍ', 'ብሎ', 'ዛምሞል', '2ኛ', 'ፎቅ', 'ቢሮቁ', '214', '📲', '<', 'phone', '>', '📲', '<', 'phone', '>', '👍ለቡ', 'ቅርንጫፍ📲', '<', 'phone', '>', '🔖', '💬', 'በtelegram', 'ለማዘዝ', '⤵️', 'ይጠቀሙ', 'shageronlinestore', 'ለተጨማሪ', 'ማብራሪያ', 'የቴሌግራም', 'ገፃችን⤵️', '<', 'url', '>']",,data/documents\7402.dat
7401,2025-06-21 07:02:35+00:00,,"💥 portable electrical water dispenser

👉ባለ 3 press
👉 ለማንኛውም ዓይነት የውሃ ጀሪካን የሚሆን
👉 ቱቦው 55cm የሚረዝም 
👉 1200mA ቻርጅ የመያዝ አቅም ያለው ባትሪ
👉 መጠጫ ብርጭቆ በራሱ ላይ ማስቀመጥ ይቻላል

          ዋጋ:- 1600 ብር✅

አድራሻ ቁ.1 👉 መገናኛ ታሜ ጋስ ህንፃ ጎን ስሪ ኤም ሲቲ ሞል  ሁለተኛ ፎቅ ቢሮ ቁ. SL-05A(ከ ሊፍቱ ፊት ለ ፊት)

📍ቁ.2 👉ለቡ  መዳህኒዓለም ቤተ/ክርስቲያን ፊት ለፊት  #ዛም_ሞል 2ኛ ፎቅ ቢሮ ቁጥር.214


    📲 0909522840
    📲 0923350054

👍ለቡ ቅርንጫፍ📲0973611819

🔖
💬  በTelegram ለማዘዝ ⤵️ ይጠቀሙ
@shager_onlinestore
  
ለተጨማሪ ማብራሪያ የቴሌግራም ገፃችን⤵️
https://t.me/Shageronlinestore",💥 portable electrical water dispenser 👉ባለ 3 press 👉 ለማንኛውም ዓይነት የውሃ ጀሪካን የሚሆን 👉 ቱቦው 55cm የሚረዝም 👉 1200ma ቻርጅ የመያዝ አቅም ያለው ባትሪ 👉 መጠጫ ብርጭቆ በራሱ ላይ ማስቀመጥ ይቻላል ዋጋ 1600 ብር✅ አድራሻ ቁ1 👉 መገናኛ ታሜ ጋስ ህንፃ ጎን ስሪ ኤም ሲቲ ሞል ሁለተኛ ፎቅ ቢሮ ቁ sl05aከ ሊፍቱ ፊት ለ ፊት 📍ቁ2 👉ለቡ መዳህኒዓለም ቤተክርስቲያን ፊት ለፊት ዛምሞል 2ኛ ፎቅ ቢሮ ቁጥር214 📲 <phone> 📲 <phone> 👍ለቡ ቅርንጫፍ📲<phone> 🔖 💬 በtelegram ለማዘዝ ⤵️ ይጠቀሙ shageronlinestore ለተጨማሪ ማብራሪያ የቴሌግራም ገፃችን⤵️ <url>,"['💥', 'portable', 'electrical', 'water', 'dispenser', '👉ባለ', '3', 'press', '👉', 'ለማንኛውም', 'ዓይነት', 'የውሃ', 'ጀሪካን', 'የሚሆን', '👉', 'ቱቦው', '55cm', 'የሚረዝም', '👉', '1200ma', 'ቻርጅ', 'የመያዝ', 'አቅም', 'ያለው', 'ባትሪ', '👉', 'መጠጫ', 'ብርጭቆ', 'በራሱ', 'ላይ', 'ማስቀመጥ', 'ይቻላል', 'ዋጋ', '1600', 'ብር✅', 'አድራሻ', 'ቁ1', '👉', 'መገናኛ', 'ታሜ', 'ጋስ', 'ህንፃ', 'ጎን', 'ስሪ', 'ኤም', 'ሲቲ', 'ሞል', 'ሁለተኛ', 'ፎቅ', 'ቢሮ', 'ቁ', 'sl05aከ', 'ሊፍቱ', 'ፊት', 'ለ', 'ፊት', '📍ቁ2', '👉ለቡ', 'መዳህኒዓለም', 'ቤተክርስቲያን', 'ፊት', 'ለፊት', 'ዛምሞል', '2ኛ', 'ፎቅ', 'ቢሮ', 'ቁጥር214', '📲', '<', 'phone', '>', '📲', '<', 'phone', '>', '👍ለቡ', 'ቅርንጫፍ📲', '<', 'phone', '>', '🔖', '💬', 'በtelegram', 'ለማዘዝ', '⤵️', 'ይጠቀሙ', 'shageronlinestore', 'ለተጨማሪ', 'ማብራሪያ', 'የቴሌግራም', 'ገፃችን⤵️', '<', 'url', '>']",data/images\7401.jpg,
7400,2025-06-21 07:01:25+00:00,,"💥 portable electrical water dispenser

👉ባለ 3 press
👉 ለማንኛውም ዓይነት የውሃ ጀሪካን የሚሆን
👉 ቱቦው 55cm የሚረዝም 
👉 1200mA ቻርጅ የመያዝ አቅም ያለው ባትሪ
👉 መጠጫ ብርጭቆ በራሱ ላይ ማስቀመጥ ይቻላል

          ዋጋ:- 1600 ብር✅

አድራሻ ቁ.1 👉 መገናኛ ታሜ ጋስ ህንፃ ጎን ስሪ ኤም ሲቲ ሞል  ሁለተኛ ፎቅ ቢሮ ቁ. SL-05A(ከ ሊፍቱ ፊት ለ ፊት)

📍ቁ.2 👉ለቡ  መዳህኒዓለም ቤተ/ክርስቲያን ፊት ለፊት  #ዛም_ሞል 2ኛ ፎቅ ቢሮ ቁጥር.214


    📲 0909522840
    📲 0923350054

👍ለቡ ቅርንጫፍ📲0973611819

🔖
💬  በTelegram ለማዘዝ ⤵️ ይጠቀሙ
@shager_onlinestore
  
ለተጨማሪ ማብራሪያ የቴሌግራም ገፃችን⤵️
https://t.me/Shageronlinestore",💥 portable electrical water dispenser 👉ባለ 3 press 👉 ለማንኛውም ዓይነት የውሃ ጀሪካን የሚሆን 👉 ቱቦው 55cm የሚረዝም 👉 1200ma ቻርጅ የመያዝ አቅም ያለው ባትሪ 👉 መጠጫ ብርጭቆ በራሱ ላይ ማስቀመጥ ይቻላል ዋጋ 1600 ብር✅ አድራሻ ቁ1 👉 መገናኛ ታሜ ጋስ ህንፃ ጎን ስሪ ኤም ሲቲ ሞል ሁለተኛ ፎቅ ቢሮ ቁ sl05aከ ሊፍቱ ፊት ለ ፊት 📍ቁ2 👉ለቡ መዳህኒዓለም ቤተክርስቲያን ፊት ለፊት ዛምሞል 2ኛ ፎቅ ቢሮ ቁጥር214 📲 <phone> 📲 <phone> 👍ለቡ ቅርንጫፍ📲<phone> 🔖 💬 በtelegram ለማዘዝ ⤵️ ይጠቀሙ shageronlinestore ለተጨማሪ ማብራሪያ የቴሌግራም ገፃችን⤵️ <url>,"['💥', 'portable', 'electrical', 'water', 'dispenser', '👉ባለ', '3', 'press', '👉', 'ለማንኛውም', 'ዓይነት', 'የውሃ', 'ጀሪካን', 'የሚሆን', '👉', 'ቱቦው', '55cm', 'የሚረዝም', '👉', '1200ma', 'ቻርጅ', 'የመያዝ', 'አቅም', 'ያለው', 'ባትሪ', '👉', 'መጠጫ', 'ብርጭቆ', 'በራሱ', 'ላይ', 'ማስቀመጥ', 'ይቻላል', 'ዋጋ', '1600', 'ብር✅', 'አድራሻ', 'ቁ1', '👉', 'መገናኛ', 'ታሜ', 'ጋስ', 'ህንፃ', 'ጎን', 'ስሪ', 'ኤም', 'ሲቲ', 'ሞል', 'ሁለተኛ', 'ፎቅ', 'ቢሮ', 'ቁ', 'sl05aከ', 'ሊፍቱ', 'ፊት', 'ለ', 'ፊት', '📍ቁ2', '👉ለቡ', 'መዳህኒዓለም', 'ቤተክርስቲያን', 'ፊት', 'ለፊት', 'ዛምሞል', '2ኛ', 'ፎቅ', 'ቢሮ', 'ቁጥር214', '📲', '<', 'phone', '>', '📲', '<', 'phone', '>', '👍ለቡ', 'ቅርንጫፍ📲', '<', 'phone', '>', '🔖', '💬', 'በtelegram', 'ለማዘዝ', '⤵️', 'ይጠቀሙ', 'shageronlinestore', 'ለተጨማሪ', 'ማብራሪያ', 'የቴሌግራም', 'ገፃችን⤵️', '<', 'url', '>']",,data/documents\7400.dat
7399,2025-06-20 15:25:41+00:00,,"💥GROOMING SET 

✂️ ሶስት በአንድ የያዘ የፀጉር ማሽን እና ሼቨር                                             
✂️ የሚሰራ ጥራት ባለው ግብአት እና ዲዛየን  የተሰራ 

✂️የራስ ፀጉር እና ፂምን በስርአት እና በጥራት ለማስተካከል አስተማማኝ ማሽን 

✂️በሚፈልጉት መጠን ለመቁረጥ መቀያየሪ ቁጥሮች ያሉት 

✂️ጥቃቅን ለስላሳ ምላጮች እየተሽከረከሩ ምቾትን በተላበሰ መልኩ ፂምዎን ያስምሩሉዎታል

✂️እንደ ምላጭ ወይም የፀጉር ቶንዶስ ምቾት የማይነሳ በልስላሴ አንገትና አገጭ ስር ሙልጭ አድርጎ የሚላጭ                                                                                                   

     ዋጋ፦ ✅ 2,300 ብር

          
❌ዉስን ፍሬ ነው ያለን
❌ limited stock

🏢 አድራሻ ቁ.1 👉 መገናኛ ታሜ ጋስ ህንፃ ጎን ስሪ ኤም ሲቲ ሞል  ሁለተኛ ፎቅ ቢሮ ቁ. SL-05A(ከ ሊፍቱ ፊት ለ ፊት)

📍ቁ.2 👉ለቡ  መዳህኒዓለም ቤተ/ክርስቲያን ፊት ለፊት  #ዛም_ሞል 2ኛ ፎቅ ቢሮ ቁጥር.214


    📲 0909522840
    📲 0923350054

👍ለቡ ቅርንጫፍ📲0973611819

🔖
💬  በTelegram ለማዘዝ ⤵️ ይጠቀሙ
@shager_onlinestore
  
ለተጨማሪ ማብራሪያ የቴሌግራም ገፃችን⤵️
https://t.me/Shageronlinestore",💥grooming set ✂️ ሶስት በአንድ የያዘ የፀጉር ማሽን እና ሼቨር ✂️ የሚሰራ ጥራት ባለው ግብአት እና ዲዛየን የተሰራ ✂️የራስ ፀጉር እና ፂምን በስርአት እና በጥራት ለማስተካከል አስተማማኝ ማሽን ✂️በሚፈልጉት መጠን ለመቁረጥ መቀያየሪ ቁጥሮች ያሉት ✂️ጥቃቅን ለስላሳ ምላጮች እየተሽከረከሩ ምቾትን በተላበሰ መልኩ ፂምዎን ያስምሩሉዎታል ✂️እንደ ምላጭ ወይም የፀጉር ቶንዶስ ምቾት የማይነሳ በልስላሴ አንገትና አገጭ ስር ሙልጭ አድርጎ የሚላጭ ዋጋ ✅ 2300 ብር ❌ዉስን ፍሬ ነው ያለን ❌ limited stock 🏢 አድራሻ ቁ1 👉 መገናኛ ታሜ ጋስ ህንፃ ጎን ስሪ ኤም ሲቲ ሞል ሁለተኛ ፎቅ ቢሮ ቁ sl05aከ ሊፍቱ ፊት ለ ፊት 📍ቁ2 👉ለቡ መዳህኒዓለም ቤተክርስቲያን ፊት ለፊት ዛምሞል 2ኛ ፎቅ ቢሮ ቁጥር214 📲 <phone> 📲 <phone> 👍ለቡ ቅርንጫፍ📲<phone> 🔖 💬 በtelegram ለማዘዝ ⤵️ ይጠቀሙ shageronlinestore ለተጨማሪ ማብራሪያ የቴሌግራም ገፃችን⤵️ <url>,"['💥grooming', 'set', '✂️', 'ሶስት', 'በአንድ', 'የያዘ', 'የፀጉር', 'ማሽን', 'እና', 'ሼቨር', '✂️', 'የሚሰራ', 'ጥራት', 'ባለው', 'ግብአት', 'እና', 'ዲዛየን', 'የተሰራ', '✂️የራስ', 'ፀጉር', 'እና', 'ፂምን', 'በስርአት', 'እና', 'በጥራት', 'ለማስተካከል', 'አስተማማኝ', 'ማሽን', '✂️በሚፈልጉት', 'መጠን', 'ለመቁረጥ', 'መቀያየሪ', 'ቁጥሮች', 'ያሉት', '✂️ጥቃቅን', 'ለስላሳ', 'ምላጮች', 'እየተሽከረከሩ', 'ምቾትን', 'በተላበሰ', 'መልኩ', 'ፂምዎን', 'ያስምሩሉዎታል', '✂️እንደ', 'ምላጭ', 'ወይም', 'የፀጉር', 'ቶንዶስ', 'ምቾት', 'የማይነሳ', 'በልስላሴ', 'አንገትና', 'አገጭ', 'ስር', 'ሙልጭ', 'አድርጎ', 'የሚላጭ', 'ዋጋ', '✅', '2300', 'ብር', '❌ዉስን', 'ፍሬ', 'ነው', 'ያለን', '❌', 'limited', 'stock', '🏢', 'አድራሻ', 'ቁ1', '👉', 'መገናኛ', 'ታሜ', 'ጋስ', 'ህንፃ', 'ጎን', 'ስሪ', 'ኤም', 'ሲቲ', 'ሞል', 'ሁለተኛ', 'ፎቅ', 'ቢሮ', 'ቁ', 'sl05aከ', 'ሊፍቱ', 'ፊት', 'ለ', 'ፊት', '📍ቁ2', '👉ለቡ', 'መዳህኒዓለም', 'ቤተክርስቲያን', 'ፊት', 'ለፊት', 'ዛምሞል', '2ኛ', 'ፎቅ', 'ቢሮ', 'ቁጥር214', '📲', '<', 'phone', '>', '📲', '<', 'phone', '>', '👍ለቡ', 'ቅርንጫፍ📲', '<', 'phone', '>', '🔖', '💬', 'በtelegram', 'ለማዘዝ', '⤵️', 'ይጠቀሙ', 'shageronlinestore', 'ለተጨማሪ', 'ማብራሪያ', 'የቴሌግራም', 'ገፃችን⤵️', '<', 'url', '>']",data/images\7399.jpg,
7395,2025-06-20 15:25:40+00:00,,"💥GROOMING SET 

✂️ ሶስት በአንድ የያዘ የፀጉር ማሽን እና ሼቨር                                             
✂️ የሚሰራ ጥራት ባለው ግብአት እና ዲዛየን  የተሰራ 

✂️የራስ ፀጉር እና ፂምን በስርአት እና በጥራት ለማስተካከል አስተማማኝ ማሽን 

✂️በሚፈልጉት መጠን ለመቁረጥ መቀያየሪ ቁጥሮች ያሉት 

✂️ጥቃቅን ለስላሳ ምላጮች እየተሽከረከሩ ምቾትን በተላበሰ መልኩ ፂምዎን ያስምሩሉዎታል

✂️እንደ ምላጭ ወይም የፀጉር ቶንዶስ ምቾት የማይነሳ በልስላሴ አንገትና አገጭ ስር ሙልጭ አድርጎ የሚላጭ                                                                                                   

     ዋጋ፦ ✅ 2,300 ብር

          
❌ዉስን ፍሬ ነው ያለን
❌ limited stock

🏢 አድራሻ ቁ.1 👉 መገናኛ ታሜ ጋስ ህንፃ ጎን ስሪ ኤም ሲቲ ሞል  ሁለተኛ ፎቅ ቢሮ ቁ. SL-05A(ከ ሊፍቱ ፊት ለ ፊት)

📍ቁ.2 👉ለቡ  መዳህኒዓለም ቤተ/ክርስቲያን ፊት ለፊት  #ዛም_ሞል 2ኛ ፎቅ ቢሮ ቁጥር.214


    📲 0909522840
    📲 0923350054

👍ለቡ ቅርንጫፍ📲0973611819

🔖
💬  በTelegram ለማዘዝ ⤵️ ይጠቀሙ
@shager_onlinestore
  
ለተጨማሪ ማብራሪያ የቴሌግራም ገፃችን⤵️
https://t.me/Shageronlinestore",💥grooming set ✂️ ሶስት በአንድ የያዘ የፀጉር ማሽን እና ሼቨር ✂️ የሚሰራ ጥራት ባለው ግብአት እና ዲዛየን የተሰራ ✂️የራስ ፀጉር እና ፂምን በስርአት እና በጥራት ለማስተካከል አስተማማኝ ማሽን ✂️በሚፈልጉት መጠን ለመቁረጥ መቀያየሪ ቁጥሮች ያሉት ✂️ጥቃቅን ለስላሳ ምላጮች እየተሽከረከሩ ምቾትን በተላበሰ መልኩ ፂምዎን ያስምሩሉዎታል ✂️እንደ ምላጭ ወይም የፀጉር ቶንዶስ ምቾት የማይነሳ በልስላሴ አንገትና አገጭ ስር ሙልጭ አድርጎ የሚላጭ ዋጋ ✅ 2300 ብር ❌ዉስን ፍሬ ነው ያለን ❌ limited stock 🏢 አድራሻ ቁ1 👉 መገናኛ ታሜ ጋስ ህንፃ ጎን ስሪ ኤም ሲቲ ሞል ሁለተኛ ፎቅ ቢሮ ቁ sl05aከ ሊፍቱ ፊት ለ ፊት 📍ቁ2 👉ለቡ መዳህኒዓለም ቤተክርስቲያን ፊት ለፊት ዛምሞል 2ኛ ፎቅ ቢሮ ቁጥር214 📲 <phone> 📲 <phone> 👍ለቡ ቅርንጫፍ📲<phone> 🔖 💬 በtelegram ለማዘዝ ⤵️ ይጠቀሙ shageronlinestore ለተጨማሪ ማብራሪያ የቴሌግራም ገፃችን⤵️ <url>,"['💥grooming', 'set', '✂️', 'ሶስት', 'በአንድ', 'የያዘ', 'የፀጉር', 'ማሽን', 'እና', 'ሼቨር', '✂️', 'የሚሰራ', 'ጥራት', 'ባለው', 'ግብአት', 'እና', 'ዲዛየን', 'የተሰራ', '✂️የራስ', 'ፀጉር', 'እና', 'ፂምን', 'በስርአት', 'እና', 'በጥራት', 'ለማስተካከል', 'አስተማማኝ', 'ማሽን', '✂️በሚፈልጉት', 'መጠን', 'ለመቁረጥ', 'መቀያየሪ', 'ቁጥሮች', 'ያሉት', '✂️ጥቃቅን', 'ለስላሳ', 'ምላጮች', 'እየተሽከረከሩ', 'ምቾትን', 'በተላበሰ', 'መልኩ', 'ፂምዎን', 'ያስምሩሉዎታል', '✂️እንደ', 'ምላጭ', 'ወይም', 'የፀጉር', 'ቶንዶስ', 'ምቾት', 'የማይነሳ', 'በልስላሴ', 'አንገትና', 'አገጭ', 'ስር', 'ሙልጭ', 'አድርጎ', 'የሚላጭ', 'ዋጋ', '✅', '2300', 'ብር', '❌ዉስን', 'ፍሬ', 'ነው', 'ያለን', '❌', 'limited', 'stock', '🏢', 'አድራሻ', 'ቁ1', '👉', 'መገናኛ', 'ታሜ', 'ጋስ', 'ህንፃ', 'ጎን', 'ስሪ', 'ኤም', 'ሲቲ', 'ሞል', 'ሁለተኛ', 'ፎቅ', 'ቢሮ', 'ቁ', 'sl05aከ', 'ሊፍቱ', 'ፊት', 'ለ', 'ፊት', '📍ቁ2', '👉ለቡ', 'መዳህኒዓለም', 'ቤተክርስቲያን', 'ፊት', 'ለፊት', 'ዛምሞል', '2ኛ', 'ፎቅ', 'ቢሮ', 'ቁጥር214', '📲', '<', 'phone', '>', '📲', '<', 'phone', '>', '👍ለቡ', 'ቅርንጫፍ📲', '<', 'phone', '>', '🔖', '💬', 'በtelegram', 'ለማዘዝ', '⤵️', 'ይጠቀሙ', 'shageronlinestore', 'ለተጨማሪ', 'ማብራሪያ', 'የቴሌግራም', 'ገፃችን⤵️', '<', 'url', '>']",data/images\7395.jpg,
7393,2025-06-20 11:47:53+00:00,,"💥 1L  Water Bottle

      💯High Quality

⚡️ 1L water time scale reminder, outdoor sports and fitness

         ዋጋ:-800ብር

✌️ውስን ፍሬ ነው ያለን/ Limited Stock

🏢 አድራሻ ቁ.1 👉 መገናኛ ታሜ ጋስ ህንፃ ጎን ስሪ ኤም ሲቲ ሞል  ሁለተኛ ፎቅ ቢሮ ቁ. SL-05A(ከ ሊፍቱ ፊት ለ ፊት)

📍ቁ.2 👉ለቡ  መዳህኒዓለም ቤተ/ክርስቲያን 100ሜ ወደ ሙዚቃ ቤት ከፍ ብሎ  #ዛም_ሞል 2ኛ ፎቅ ቢሮ.ቁ 214


    📲 0909522840
    📲 0923350054

👍ለቡ ቅርንጫፍ📲0973611819


🔖
💬  በTelegram ለማዘዝ ⤵️ ይጠቀሙ
@shager_onlinestore
  
ለተጨማሪ ማብራሪያ የቴሌግራም ገፃችን⤵️
https://t.me/Shageronlinestore             ",💥 1l water bottle 💯high quality ⚡️ 1l water time scale reminder outdoor sports and fitness ዋጋ800ብር ✌️ውስን ፍሬ ነው ያለን limited stock 🏢 አድራሻ ቁ1 👉 መገናኛ ታሜ ጋስ ህንፃ ጎን ስሪ ኤም ሲቲ ሞል ሁለተኛ ፎቅ ቢሮ ቁ sl05aከ ሊፍቱ ፊት ለ ፊት 📍ቁ2 👉ለቡ መዳህኒዓለም ቤተክርስቲያን 100ሜ ወደ ሙዚቃ ቤት ከፍ ብሎ ዛምሞል 2ኛ ፎቅ ቢሮቁ 214 📲 <phone> 📲 <phone> 👍ለቡ ቅርንጫፍ📲<phone> 🔖 💬 በtelegram ለማዘዝ ⤵️ ይጠቀሙ shageronlinestore ለተጨማሪ ማብራሪያ የቴሌግራም ገፃችን⤵️ <url>,"['💥', '1l', 'water', 'bottle', '💯high', 'quality', '⚡️', '1l', 'water', 'time', 'scale', 'reminder', 'outdoor', 'sports', 'and', 'fitness', 'ዋጋ800ብር', '✌️ውስን', 'ፍሬ', 'ነው', 'ያለን', 'limited', 'stock', '🏢', 'አድራሻ', 'ቁ1', '👉', 'መገናኛ', 'ታሜ', 'ጋስ', 'ህንፃ', 'ጎን', 'ስሪ', 'ኤም', 'ሲቲ', 'ሞል', 'ሁለተኛ', 'ፎቅ', 'ቢሮ', 'ቁ', 'sl05aከ', 'ሊፍቱ', 'ፊት', 'ለ', 'ፊት', '📍ቁ2', '👉ለቡ', 'መዳህኒዓለም', 'ቤተክርስቲያን', '100ሜ', 'ወደ', 'ሙዚቃ', 'ቤት', 'ከፍ', 'ብሎ', 'ዛምሞል', '2ኛ', 'ፎቅ', 'ቢሮቁ', '214', '📲', '<', 'phone', '>', '📲', '<', 'phone', '>', '👍ለቡ', 'ቅርንጫፍ📲', '<', 'phone', '>', '🔖', '💬', 'በtelegram', 'ለማዘዝ', '⤵️', 'ይጠቀሙ', 'shageronlinestore', 'ለተጨማሪ', 'ማብራሪያ', 'የቴሌግራም', 'ገፃችን⤵️', '<', 'url', '>']",data/images\7393.jpg,
7391,2025-06-20 09:03:23+00:00,,"💥 Sonifer Steam Iron 

      የልብስ መቶከሻ

💯 High Quality ®️

⚡️ Ceramic Soleplate
⚡️Temperature Control dial 
⚡️Powerful Burst Function
⚡️variable Steam Control
⚡️Spray and Steam Function
⚡️Overheat Protection
⚡️Transparent Water Level Window
⚡️ Flexible 360° Swivel Cord 
⚡️Voltage AC 220-240V

      ዋጋ፦ 2900ብር✅

❌ዉስን ፍሬ ነው ያለን❌
❌ limited stock❌

🏢 አድራሻ ቁ.1 👉 መገናኛ ታሜ ጋስ ህንፃ ጎን ስሪ ኤም ሲቲ ሞል  ሁለተኛ ፎቅ ቢሮ ቁ. SL-05A(ከ ሊፍቱ ፊት ለ ፊት)

📍ቁ.2 👉ለቡ  መዳህኒዓለም ቤተ/ክርስቲያን 100ሜ ወደ ሙዚቃ ቤት ከፍ ብሎ  #ዛም_ሞል 2ኛ ፎቅ ቢሮ.ቁ 214


    📲 0909522840
    📲 0923350054

👍ለቡ ቅርንጫፍ📲0973611819


🔖
💬  በTelegram ለማዘዝ ⤵️ ይጠቀሙ
@shager_onlinestore
  
ለተጨማሪ ማብራሪያ የቴሌግራም ገፃችን⤵️
https://t.me/Shageronlinestore          ",💥 sonifer steam iron የልብስ መቶከሻ 💯 high quality ®️ ⚡️ ceramic soleplate ⚡️temperature control dial ⚡️powerful burst function ⚡️variable steam control ⚡️spray and steam function ⚡️overheat protection ⚡️transparent water level window ⚡️ flexible 360° swivel cord ⚡️voltage ac 220240v ዋጋ 2900ብር✅ ❌ዉስን ፍሬ ነው ያለን❌ ❌ limited stock❌ 🏢 አድራሻ ቁ1 👉 መገናኛ ታሜ ጋስ ህንፃ ጎን ስሪ ኤም ሲቲ ሞል ሁለተኛ ፎቅ ቢሮ ቁ sl05aከ ሊፍቱ ፊት ለ ፊት 📍ቁ2 👉ለቡ መዳህኒዓለም ቤተክርስቲያን 100ሜ ወደ ሙዚቃ ቤት ከፍ ብሎ ዛምሞል 2ኛ ፎቅ ቢሮቁ 214 📲 <phone> 📲 <phone> 👍ለቡ ቅርንጫፍ📲<phone> 🔖 💬 በtelegram ለማዘዝ ⤵️ ይጠቀሙ shageronlinestore ለተጨማሪ ማብራሪያ የቴሌግራም ገፃችን⤵️ <url>,"['💥', 'sonifer', 'steam', 'iron', 'የልብስ', 'መቶከሻ', '💯', 'high', 'quality', '®️', '⚡️', 'ceramic', 'soleplate', '⚡️temperature', 'control', 'dial', '⚡️powerful', 'burst', 'function', '⚡️variable', 'steam', 'control', '⚡️spray', 'and', 'steam', 'function', '⚡️overheat', 'protection', '⚡️transparent', 'water', 'level', 'window', '⚡️', 'flexible', '360°', 'swivel', 'cord', '⚡️voltage', 'ac', '220240v', 'ዋጋ', '2900ብር✅', '❌ዉስን', 'ፍሬ', 'ነው', 'ያለን❌', '❌', 'limited', 'stock❌', '🏢', 'አድራሻ', 'ቁ1', '👉', 'መገናኛ', 'ታሜ', 'ጋስ', 'ህንፃ', 'ጎን', 'ስሪ', 'ኤም', 'ሲቲ', 'ሞል', 'ሁለተኛ', 'ፎቅ', 'ቢሮ', 'ቁ', 'sl05aከ', 'ሊፍቱ', 'ፊት', 'ለ', 'ፊት', '📍ቁ2', '👉ለቡ', 'መዳህኒዓለም', 'ቤተክርስቲያን', '100ሜ', 'ወደ', 'ሙዚቃ', 'ቤት', 'ከፍ', 'ብሎ', 'ዛምሞል', '2ኛ', 'ፎቅ', 'ቢሮቁ', '214', '📲', '<', 'phone', '>', '📲', '<', 'phone', '>', '👍ለቡ', 'ቅርንጫፍ📲', '<', 'phone', '>', '🔖', '💬', 'በtelegram', 'ለማዘዝ', '⤵️', 'ይጠቀሙ', 'shageronlinestore', 'ለተጨማሪ', 'ማብራሪያ', 'የቴሌግራም', 'ገፃችን⤵️', '<', 'url', '>']",data/images\7391.jpg,
7390,2025-06-20 06:48:11+00:00,,"💥Sayona multifunctional juicer and extractor

✨Best Quality 

✨ ብርቱካን ካሮት አፕል አናናስ ጁስ ይሰራል ፋይበሩን ለብቻ ያስወግዴል
✨ የፍራፍሬ ጁስ ይሰራል
✨ ሽንኩርትና ስጋ ይፈጫል
✨ቡናና ቅመማ ቅመም ይፈጫል።

             ዋጋ፦8500 ብር✅
                            
ውስን ፍሬ ነው ያለን/ Limited Stock

🏢 አድራሻ ቁ.1 👉 መገናኛ ታሜ ጋስ ህንፃ ጎን ስሪ ኤም ሲቲ ሞል  ሁለተኛ ፎቅ ቢሮ ቁ. SL-05A(ከ ሊፍቱ ፊት ለ ፊት)

📍ቁ.2 👉ለቡ  መዳህኒዓለም ቤተ/ክርስቲያን  ወደ ሙዚቃ ቤት ከፍ ብሎ  #ዛም_ሞል 2ኛ ፎቅ ቢሮ.ቁ 214


    📲 0909522840
    📲 0923350054

👍ለቡ ቅርንጫፍ📲0973611819


🔖
💬  በTelegram ለማዘዝ ⤵️ ይጠቀሙ
@shager_onlinestore
  
ለተጨማሪ ማብራሪያ የቴሌግራም ገፃችን⤵️
https://t.me/Shageronlinestore",💥sayona multifunctional juicer and extractor ✨best quality ✨ ብርቱካን ካሮት አፕል አናናስ ጁስ ይሰራል ፋይበሩን ለብቻ ያስወግዴል ✨ የፍራፍሬ ጁስ ይሰራል ✨ ሽንኩርትና ስጋ ይፈጫል ✨ቡናና ቅመማ ቅመም ይፈጫል ዋጋ8500 ብር✅ ውስን ፍሬ ነው ያለን limited stock 🏢 አድራሻ ቁ1 👉 መገናኛ ታሜ ጋስ ህንፃ ጎን ስሪ ኤም ሲቲ ሞል ሁለተኛ ፎቅ ቢሮ ቁ sl05aከ ሊፍቱ ፊት ለ ፊት 📍ቁ2 👉ለቡ መዳህኒዓለም ቤተክርስቲያን ወደ ሙዚቃ ቤት ከፍ ብሎ ዛምሞል 2ኛ ፎቅ ቢሮቁ 214 📲 <phone> 📲 <phone> 👍ለቡ ቅርንጫፍ📲<phone> 🔖 💬 በtelegram ለማዘዝ ⤵️ ይጠቀሙ shageronlinestore ለተጨማሪ ማብራሪያ የቴሌግራም ገፃችን⤵️ <url>,"['💥sayona', 'multifunctional', 'juicer', 'and', 'extractor', '✨best', 'quality', '✨', 'ብርቱካን', 'ካሮት', 'አፕል', 'አናናስ', 'ጁስ', 'ይሰራል', 'ፋይበሩን', 'ለብቻ', 'ያስወግዴል', '✨', 'የፍራፍሬ', 'ጁስ', 'ይሰራል', '✨', 'ሽንኩርትና', 'ስጋ', 'ይፈጫል', '✨ቡናና', 'ቅመማ', 'ቅመም', 'ይፈጫል', 'ዋጋ8500', 'ብር✅', 'ውስን', 'ፍሬ', 'ነው', 'ያለን', 'limited', 'stock', '🏢', 'አድራሻ', 'ቁ1', '👉', 'መገናኛ', 'ታሜ', 'ጋስ', 'ህንፃ', 'ጎን', 'ስሪ', 'ኤም', 'ሲቲ', 'ሞል', 'ሁለተኛ', 'ፎቅ', 'ቢሮ', 'ቁ', 'sl05aከ', 'ሊፍቱ', 'ፊት', 'ለ', 'ፊት', '📍ቁ2', '👉ለቡ', 'መዳህኒዓለም', 'ቤተክርስቲያን', 'ወደ', 'ሙዚቃ', 'ቤት', 'ከፍ', 'ብሎ', 'ዛምሞል', '2ኛ', 'ፎቅ', 'ቢሮቁ', '214', '📲', '<', 'phone', '>', '📲', '<', 'phone', '>', '👍ለቡ', 'ቅርንጫፍ📲', '<', 'phone', '>', '🔖', '💬', 'በtelegram', 'ለማዘዝ', '⤵️', 'ይጠቀሙ', 'shageronlinestore', 'ለተጨማሪ', 'ማብራሪያ', 'የቴሌግራም', 'ገፃችን⤵️', '<', 'url', '>']",data/images\7390.jpg,
7384,2025-06-19 12:31:30+00:00,,"📣 2in1 long handled bath brush

💥ለአያያዝ ምቹ 
💥በቀላሉ የማንደርስበትን የጀርባ ክፍል ለማሸት ተመራጭ
💥ለቆዳ ተስማሚ የሆነ ብሩሽ
💥በሁለቱም በኩል የሚያሽ

ዋጋ፦  💰🏷  450 ብር

🏢 አድራሻ ቁ.1 👉ስሪ ኤም ሲቲ ሞል  ሁለተኛ ፎቅ ቢሮ ቁ. SL-05A(ከ ሊፍቱ ፊት ለ ፊት)

📍ቁ.2 👉ለቡ  መዳህኒዓለም ቤተ/ክርስቲያን 100ሜ ወደ ሙዚቃ ቤት ከፍ ብሎ  #ዛም_ሞል 2ኛ ፎቅ ቢሮ.ቁ 214


    📲 0909522840
    📲 0923350054

👍ለቡ ቅርንጫፍ📲0973611819


🔖
💬  በTelegram ለማዘዝ ⤵️ ይጠቀሙ
@shager_onlinestore
  
ለተጨማሪ ማብራሪያ የቴሌግራም ገፃችን⤵️
https://t.me/Shageronlinestore             ",📣 2in1 long handled bath brush 💥ለአያያዝ ምቹ 💥በቀላሉ የማንደርስበትን የጀርባ ክፍል ለማሸት ተመራጭ 💥ለቆዳ ተስማሚ የሆነ ብሩሽ 💥በሁለቱም በኩል የሚያሽ ዋጋ 💰🏷 450 ብር 🏢 አድራሻ ቁ1 👉ስሪ ኤም ሲቲ ሞል ሁለተኛ ፎቅ ቢሮ ቁ sl05aከ ሊፍቱ ፊት ለ ፊት 📍ቁ2 👉ለቡ መዳህኒዓለም ቤተክርስቲያን 100ሜ ወደ ሙዚቃ ቤት ከፍ ብሎ ዛምሞል 2ኛ ፎቅ ቢሮቁ 214 📲 <phone> 📲 <phone> 👍ለቡ ቅርንጫፍ📲<phone> 🔖 💬 በtelegram ለማዘዝ ⤵️ ይጠቀሙ shageronlinestore ለተጨማሪ ማብራሪያ የቴሌግራም ገፃችን⤵️ <url>,"['📣', '2in1', 'long', 'handled', 'bath', 'brush', '💥ለአያያዝ', 'ምቹ', '💥በቀላሉ', 'የማንደርስበትን', 'የጀርባ', 'ክፍል', 'ለማሸት', 'ተመራጭ', '💥ለቆዳ', 'ተስማሚ', 'የሆነ', 'ብሩሽ', '💥በሁለቱም', 'በኩል', 'የሚያሽ', 'ዋጋ', '💰🏷', '450', 'ብር', '🏢', 'አድራሻ', 'ቁ1', '👉ስሪ', 'ኤም', 'ሲቲ', 'ሞል', 'ሁለተኛ', 'ፎቅ', 'ቢሮ', 'ቁ', 'sl05aከ', 'ሊፍቱ', 'ፊት', 'ለ', 'ፊት', '📍ቁ2', '👉ለቡ', 'መዳህኒዓለም', 'ቤተክርስቲያን', '100ሜ', 'ወደ', 'ሙዚቃ', 'ቤት', 'ከፍ', 'ብሎ', 'ዛምሞል', '2ኛ', 'ፎቅ', 'ቢሮቁ', '214', '📲', '<', 'phone', '>', '📲', '<', 'phone', '>', '👍ለቡ', 'ቅርንጫፍ📲', '<', 'phone', '>', '🔖', '💬', 'በtelegram', 'ለማዘዝ', '⤵️', 'ይጠቀሙ', 'shageronlinestore', 'ለተጨማሪ', 'ማብራሪያ', 'የቴሌግራም', 'ገፃችን⤵️', '<', 'url', '>']",data/images\7384.jpg,
7383,2025-06-19 06:31:31+00:00,,"💥Miralux Hot plate
 ባለሁለት ምድጃ ስቶቭ

      💯orginal

⚡️ 2000 ዋት
⚡️ ፊውዝ የተገጠመለት
⚡️ ትልቅ ድስት መሸከም የሚችል
⚡️ አስተማማኝ ቴርሞስታት
⚡️ ባለ ፊውዝ

ዋጋ፦ ትልቁ :- 2900ብር✅



አድራሻ 📍 ቁ.1 👉መገናኛ ስሪ ኤም ሲቲ ሞል  ሁለተኛ ፎቅ ቢሮ ቁ. SL-05A(ከ ሊፍቱ ፊት ለ ፊት)

📍ቁ.2 👉ለቡ  መዳህኒዓለም ቤተ/ክርስቲያን ፊት ለፊት  #ዛም_ሞል 2ኛ ፎቅ ቢሮ ቁጥር.214


👍ለቡ ቅርንጫፍ📲0973611819

     💧💧💧💧


    📲 0909522840
    📲 0923350054

🔖
💬  በTelegram ለማዘዝ ⤵️ ይጠቀሙ
@shager_onlinestore
  
ለተጨማሪ ማብራሪያ የቴሌግራም ገፃችን⤵️
https://t.me/Shageronlinestore",💥miralux hot plate ባለሁለት ምድጃ ስቶቭ 💯orginal ⚡️ 2000 ዋት ⚡️ ፊውዝ የተገጠመለት ⚡️ ትልቅ ድስት መሸከም የሚችል ⚡️ አስተማማኝ ቴርሞስታት ⚡️ ባለ ፊውዝ ዋጋ ትልቁ 2900ብር✅ አድራሻ 📍 ቁ1 👉መገናኛ ስሪ ኤም ሲቲ ሞል ሁለተኛ ፎቅ ቢሮ ቁ sl05aከ ሊፍቱ ፊት ለ ፊት 📍ቁ2 👉ለቡ መዳህኒዓለም ቤተክርስቲያን ፊት ለፊት ዛምሞል 2ኛ ፎቅ ቢሮ ቁጥር214 👍ለቡ ቅርንጫፍ📲<phone> 💧💧💧💧 📲 <phone> 📲 <phone> 🔖 💬 በtelegram ለማዘዝ ⤵️ ይጠቀሙ shageronlinestore ለተጨማሪ ማብራሪያ የቴሌግራም ገፃችን⤵️ <url>,"['💥miralux', 'hot', 'plate', 'ባለሁለት', 'ምድጃ', 'ስቶቭ', '💯orginal', '⚡️', '2000', 'ዋት', '⚡️', 'ፊውዝ', 'የተገጠመለት', '⚡️', 'ትልቅ', 'ድስት', 'መሸከም', 'የሚችል', '⚡️', 'አስተማማኝ', 'ቴርሞስታት', '⚡️', 'ባለ', 'ፊውዝ', 'ዋጋ', 'ትልቁ', '2900ብር✅', 'አድራሻ', '📍', 'ቁ1', '👉መገናኛ', 'ስሪ', 'ኤም', 'ሲቲ', 'ሞል', 'ሁለተኛ', 'ፎቅ', 'ቢሮ', 'ቁ', 'sl05aከ', 'ሊፍቱ', 'ፊት', 'ለ', 'ፊት', '📍ቁ2', '👉ለቡ', 'መዳህኒዓለም', 'ቤተክርስቲያን', 'ፊት', 'ለፊት', 'ዛምሞል', '2ኛ', 'ፎቅ', 'ቢሮ', 'ቁጥር214', '👍ለቡ', 'ቅርንጫፍ📲', '<', 'phone', '>', '💧💧💧💧', '📲', '<', 'phone', '>', '📲', '<', 'phone', '>', '🔖', '💬', 'በtelegram', 'ለማዘዝ', '⤵️', 'ይጠቀሙ', 'shageronlinestore', 'ለተጨማሪ', 'ማብራሪያ', 'የቴሌግራም', 'ገፃችን⤵️', '<', 'url', '>']",data/images\7383.jpg,
7382,2025-06-18 11:19:11+00:00,,"💥7pcs glass water set

✔️ አንድ ማራኪ ጆግና 6 መጠጫ ብርጭቆዎች
✔️ የፈሳሽ መጠጥ ማቅረቢያ
✔️ ከፍተኛ ሙቀት የሚቋቋም
✔️ ኳሊቲ ወፍራም

 ዋጋ፦ ✅ 3,400 ብር

  ውስን ፍሬ ነው የቀረው ❌

🏢 አድራሻ ቁ.1 👉 መገናኛ ታሜ ጋስ ህንፃ ጎን ስሪ ኤም ሲቲ ሞል  ሁለተኛ ፎቅ ቢሮ ቁ. SL-05A(ከ ሊፍቱ ፊት ለ ፊት)

📍ቁ.2 👉ለቡ  መዳህኒዓለም ቤተ/ክርስቲያን 100ሜ ወደ ሙዚቃ ቤት ከፍ ብሎ  #ዛም_ሞል 2ኛ ፎቅ ቢሮ.ቁ 214


    📲 0909522840
    📲 0923350054

👍ለቡ ቅርንጫፍ📲0973611819


🔖
💬  በTelegram ለማዘዝ ⤵️ ይጠቀሙ
@shager_onlinestore
  
ለተጨማሪ ማብራሪያ የቴሌግራም ገፃችን⤵️
https://t.me/Shageronlinestore          ",💥7pcs glass water set ✔️ አንድ ማራኪ ጆግና 6 መጠጫ ብርጭቆዎች ✔️ የፈሳሽ መጠጥ ማቅረቢያ ✔️ ከፍተኛ ሙቀት የሚቋቋም ✔️ ኳሊቲ ወፍራም ዋጋ ✅ 3400 ብር ውስን ፍሬ ነው የቀረው ❌ 🏢 አድራሻ ቁ1 👉 መገናኛ ታሜ ጋስ ህንፃ ጎን ስሪ ኤም ሲቲ ሞል ሁለተኛ ፎቅ ቢሮ ቁ sl05aከ ሊፍቱ ፊት ለ ፊት 📍ቁ2 👉ለቡ መዳህኒዓለም ቤተክርስቲያን 100ሜ ወደ ሙዚቃ ቤት ከፍ ብሎ ዛምሞል 2ኛ ፎቅ ቢሮቁ 214 📲 <phone> 📲 <phone> 👍ለቡ ቅርንጫፍ📲<phone> 🔖 💬 በtelegram ለማዘዝ ⤵️ ይጠቀሙ shageronlinestore ለተጨማሪ ማብራሪያ የቴሌግራም ገፃችን⤵️ <url>,"['💥7pcs', 'glass', 'water', 'set', '✔️', 'አንድ', 'ማራኪ', 'ጆግና', '6', 'መጠጫ', 'ብርጭቆዎች', '✔️', 'የፈሳሽ', 'መጠጥ', 'ማቅረቢያ', '✔️', 'ከፍተኛ', 'ሙቀት', 'የሚቋቋም', '✔️', 'ኳሊቲ', 'ወፍራም', 'ዋጋ', '✅', '3400', 'ብር', 'ውስን', 'ፍሬ', 'ነው', 'የቀረው', '❌', '🏢', 'አድራሻ', 'ቁ1', '👉', 'መገናኛ', 'ታሜ', 'ጋስ', 'ህንፃ', 'ጎን', 'ስሪ', 'ኤም', 'ሲቲ', 'ሞል', 'ሁለተኛ', 'ፎቅ', 'ቢሮ', 'ቁ', 'sl05aከ', 'ሊፍቱ', 'ፊት', 'ለ', 'ፊት', '📍ቁ2', '👉ለቡ', 'መዳህኒዓለም', 'ቤተክርስቲያን', '100ሜ', 'ወደ', 'ሙዚቃ', 'ቤት', 'ከፍ', 'ብሎ', 'ዛምሞል', '2ኛ', 'ፎቅ', 'ቢሮቁ', '214', '📲', '<', 'phone', '>', '📲', '<', 'phone', '>', '👍ለቡ', 'ቅርንጫፍ📲', '<', 'phone', '>', '🔖', '💬', 'በtelegram', 'ለማዘዝ', '⤵️', 'ይጠቀሙ', 'shageronlinestore', 'ለተጨማሪ', 'ማብራሪያ', 'የቴሌግራም', 'ገፃችን⤵️', '<', 'url', '>']",data/images\7382.jpg,
7377,2025-06-18 07:12:03+00:00,,"🎯 Universal water-saving dishwasher head

🔰Increase water outlet pressure and rinse efficiently.
🔰360 ° rotating head
🔰100% functional !!

ዋጋ፦  💰🏷  400 ብር

♦️ውስን ፍሬ ነው ያለው 

አድራሻ ቁ.1 👉 መገናኛ ታሜ ጋስ ህንፃ ጎን ስሪ ኤም ሲቲ ሞል  ሁለተኛ ፎቅ ቢሮ ቁ. SL-05A(ከ ሊፍቱ ፊት ለ ፊት)

📍ቁ.2 👉ለቡ  መዳህኒዓለም ቤተ/ክርስቲያን ፊት ለፊት  #ዛም_ሞል 2ኛ ፎቅ ቢሮ ቁጥር.214


    📲 0909522840
    📲 0923350054

👍ለቡ ቅርንጫፍ📲0973611819

🔖
💬  በTelegram ለማዘዝ ⤵️ ይጠቀሙ
@shager_onlinestore
  
ለተጨማሪ ማብራሪያ የቴሌግራም ገፃችን⤵️
https://t.me/Shageronlinestore",🎯 universal watersaving dishwasher head 🔰increase water outlet pressure and rinse efficiently 🔰360 ° rotating head 🔰100 functional ዋጋ 💰🏷 400 ብር ♦️ውስን ፍሬ ነው ያለው አድራሻ ቁ1 👉 መገናኛ ታሜ ጋስ ህንፃ ጎን ስሪ ኤም ሲቲ ሞል ሁለተኛ ፎቅ ቢሮ ቁ sl05aከ ሊፍቱ ፊት ለ ፊት 📍ቁ2 👉ለቡ መዳህኒዓለም ቤተክርስቲያን ፊት ለፊት ዛምሞል 2ኛ ፎቅ ቢሮ ቁጥር214 📲 <phone> 📲 <phone> 👍ለቡ ቅርንጫፍ📲<phone> 🔖 💬 በtelegram ለማዘዝ ⤵️ ይጠቀሙ shageronlinestore ለተጨማሪ ማብራሪያ የቴሌግራም ገፃችን⤵️ <url>,"['🎯', 'universal', 'watersaving', 'dishwasher', 'head', '🔰increase', 'water', 'outlet', 'pressure', 'and', 'rinse', 'efficiently', '🔰360', '°', 'rotating', 'head', '🔰100', 'functional', 'ዋጋ', '💰🏷', '400', 'ብር', '♦️ውስን', 'ፍሬ', 'ነው', 'ያለው', 'አድራሻ', 'ቁ1', '👉', 'መገናኛ', 'ታሜ', 'ጋስ', 'ህንፃ', 'ጎን', 'ስሪ', 'ኤም', 'ሲቲ', 'ሞል', 'ሁለተኛ', 'ፎቅ', 'ቢሮ', 'ቁ', 'sl05aከ', 'ሊፍቱ', 'ፊት', 'ለ', 'ፊት', '📍ቁ2', '👉ለቡ', 'መዳህኒዓለም', 'ቤተክርስቲያን', 'ፊት', 'ለፊት', 'ዛምሞል', '2ኛ', 'ፎቅ', 'ቢሮ', 'ቁጥር214', '📲', '<', 'phone', '>', '📲', '<', 'phone', '>', '👍ለቡ', 'ቅርንጫፍ📲', '<', 'phone', '>', '🔖', '💬', 'በtelegram', 'ለማዘዝ', '⤵️', 'ይጠቀሙ', 'shageronlinestore', 'ለተጨማሪ', 'ማብራሪያ', 'የቴሌግራም', 'ገፃችን⤵️', '<', 'url', '>']",,data/documents\7377.dat
7376,2025-06-17 18:32:21+00:00,,"💥 special base for refrigerator and washing machine

👉Home moving furniture caster wheel heavy objects transporter small mover labor-saving moving wheels bed tool
⚡️ከ45cm እስከ 70cm መለጠጥ የሚችል

    ዋጋ፦💰🏷  2,000 ብር

  ♦️ውስን ፍሬ ነው ያለው

🏢 አድራሻ ቁ.1 👉 መገናኛ ታሜ ጋስ ህንፃ ጎን ስሪ ኤም ሲቲ ሞል  ሁለተኛ ፎቅ ቢሮ ቁ. SL-05A(ከ ሊፍቱ ፊት ለ ፊት)

📍ቁ.2 👉ለቡ  መዳህኒዓለም ቤተ/ክርስቲያን ፊት ለፊት  #ዛም_ሞል 2ኛ ፎቅ ቢሮ ቁጥር.214


    📲 0909522840
    📲 0923350054

👍ለቡ ቅርንጫፍ📲0973611819

🔖
💬  በTelegram ለማዘዝ ⤵️ ይጠቀሙ
@shager_onlinestore
  
ለተጨማሪ ማብራሪያ የቴሌግራም ገፃችን⤵️
https://t.me/Shageronlinestore",💥 special base for refrigerator and washing machine 👉home moving furniture caster wheel heavy objects transporter small mover laborsaving moving wheels bed tool ⚡️ከ45cm እስከ 70cm መለጠጥ የሚችል ዋጋ💰🏷 2000 ብር ♦️ውስን ፍሬ ነው ያለው 🏢 አድራሻ ቁ1 👉 መገናኛ ታሜ ጋስ ህንፃ ጎን ስሪ ኤም ሲቲ ሞል ሁለተኛ ፎቅ ቢሮ ቁ sl05aከ ሊፍቱ ፊት ለ ፊት 📍ቁ2 👉ለቡ መዳህኒዓለም ቤተክርስቲያን ፊት ለፊት ዛምሞል 2ኛ ፎቅ ቢሮ ቁጥር214 📲 <phone> 📲 <phone> 👍ለቡ ቅርንጫፍ📲<phone> 🔖 💬 በtelegram ለማዘዝ ⤵️ ይጠቀሙ shageronlinestore ለተጨማሪ ማብራሪያ የቴሌግራም ገፃችን⤵️ <url>,"['💥', 'special', 'base', 'for', 'refrigerator', 'and', 'washing', 'machine', '👉home', 'moving', 'furniture', 'caster', 'wheel', 'heavy', 'objects', 'transporter', 'small', 'mover', 'laborsaving', 'moving', 'wheels', 'bed', 'tool', '⚡️ከ45cm', 'እስከ', '70cm', 'መለጠጥ', 'የሚችል', 'ዋጋ💰🏷', '2000', 'ብር', '♦️ውስን', 'ፍሬ', 'ነው', 'ያለው', '🏢', 'አድራሻ', 'ቁ1', '👉', 'መገናኛ', 'ታሜ', 'ጋስ', 'ህንፃ', 'ጎን', 'ስሪ', 'ኤም', 'ሲቲ', 'ሞል', 'ሁለተኛ', 'ፎቅ', 'ቢሮ', 'ቁ', 'sl05aከ', 'ሊፍቱ', 'ፊት', 'ለ', 'ፊት', '📍ቁ2', '👉ለቡ', 'መዳህኒዓለም', 'ቤተክርስቲያን', 'ፊት', 'ለፊት', 'ዛምሞል', '2ኛ', 'ፎቅ', 'ቢሮ', 'ቁጥር214', '📲', '<', 'phone', '>', '📲', '<', 'phone', '>', '👍ለቡ', 'ቅርንጫፍ📲', '<', 'phone', '>', '🔖', '💬', 'በtelegram', 'ለማዘዝ', '⤵️', 'ይጠቀሙ', 'shageronlinestore', 'ለተጨማሪ', 'ማብራሪያ', 'የቴሌግራም', 'ገፃችን⤵️', '<', 'url', '>']",,data/documents\7376.dat
7375,2025-06-17 18:32:20+00:00,,"💥 special base for refrigerator and washing machine

👉Home moving furniture caster wheel heavy objects transporter small mover labor-saving moving wheels bed tool

ዋጋ፦  💰🏷  2000 ብር✅

   ♦️ውስን ፍሬ ነው ያለው

🏢 አድራሻ ቁ.1 👉 መገናኛ ታሜ ጋስ ህንፃ ጎን ስሪ ኤም ሲቲ ሞል  ሁለተኛ ፎቅ ቢሮ ቁ. SL-05A(ከ ሊፍቱ ፊት ለ ፊት)

📍ቁ.2 👉ለቡ  መዳህኒዓለም ቤተ/ክርስቲያን ፊት ለፊት  #ዛም_ሞል 2ኛ ፎቅ ቢሮ ቁጥር.214


    📲 0909522840
    📲 0923350054

👍ለቡ ቅርንጫፍ📲0973611819

🔖
💬  በTelegram ለማዘዝ ⤵️ ይጠቀሙ
@shager_onlinestore
  
ለተጨማሪ ማብራሪያ የቴሌግራም ገፃችን⤵️
https://t.me/Shageronlinestore",💥 special base for refrigerator and washing machine 👉home moving furniture caster wheel heavy objects transporter small mover laborsaving moving wheels bed tool ዋጋ 💰🏷 2000 ብር✅ ♦️ውስን ፍሬ ነው ያለው 🏢 አድራሻ ቁ1 👉 መገናኛ ታሜ ጋስ ህንፃ ጎን ስሪ ኤም ሲቲ ሞል ሁለተኛ ፎቅ ቢሮ ቁ sl05aከ ሊፍቱ ፊት ለ ፊት 📍ቁ2 👉ለቡ መዳህኒዓለም ቤተክርስቲያን ፊት ለፊት ዛምሞል 2ኛ ፎቅ ቢሮ ቁጥር214 📲 <phone> 📲 <phone> 👍ለቡ ቅርንጫፍ📲<phone> 🔖 💬 በtelegram ለማዘዝ ⤵️ ይጠቀሙ shageronlinestore ለተጨማሪ ማብራሪያ የቴሌግራም ገፃችን⤵️ <url>,"['💥', 'special', 'base', 'for', 'refrigerator', 'and', 'washing', 'machine', '👉home', 'moving', 'furniture', 'caster', 'wheel', 'heavy', 'objects', 'transporter', 'small', 'mover', 'laborsaving', 'moving', 'wheels', 'bed', 'tool', 'ዋጋ', '💰🏷', '2000', 'ብር✅', '♦️ውስን', 'ፍሬ', 'ነው', 'ያለው', '🏢', 'አድራሻ', 'ቁ1', '👉', 'መገናኛ', 'ታሜ', 'ጋስ', 'ህንፃ', 'ጎን', 'ስሪ', 'ኤም', 'ሲቲ', 'ሞል', 'ሁለተኛ', 'ፎቅ', 'ቢሮ', 'ቁ', 'sl05aከ', 'ሊፍቱ', 'ፊት', 'ለ', 'ፊት', '📍ቁ2', '👉ለቡ', 'መዳህኒዓለም', 'ቤተክርስቲያን', 'ፊት', 'ለፊት', 'ዛምሞል', '2ኛ', 'ፎቅ', 'ቢሮ', 'ቁጥር214', '📲', '<', 'phone', '>', '📲', '<', 'phone', '>', '👍ለቡ', 'ቅርንጫፍ📲', '<', 'phone', '>', '🔖', '💬', 'በtelegram', 'ለማዘዝ', '⤵️', 'ይጠቀሙ', 'shageronlinestore', 'ለተጨማሪ', 'ማብራሪያ', 'የቴሌግራም', 'ገፃችን⤵️', '<', 'url', '>']",data/images\7375.jpg,
7370,2025-06-17 14:55:21+00:00,,"💥Vintage Mason Glass Drinking Jar with Straw

👉የራሳቸው ስትሮ ያላቸው እጅግ ውብ የሆኑ የጁስ መጠጫ ብርጭቆወች

🍸500ml

      ዋጋ፦ 550ብር✅✅

♦️ውስን ፍሬ ነው ያለው 

🏢 አድራሻ  ቁ.1👉 መገናኛ ስሪ ኤም ሲቲ ሞል  ሁለተኛ ፎቅ ቢሮ ቁ. SL-05A(ከ ሊፍቱ ፊት ለ ፊት)

📍ቁ.2 👉ለቡ  መዳህኒዓለም ቤተ/ክርስቲያን ፊት ለፊት  #ዛም_ሞል 2ኛ ፎቅ ቢሮ ቁጥር.214


👍ለቡ ቅርንጫፍ📲0973611819



    📲 0909522840
    📲 0923350054

🔖
💬  በTelegram ለማዘዝ ⤵️ ይጠቀሙ
@shager_onlinestore
  
ለተጨማሪ ማብራሪያ የቴሌግራም ገፃችን⤵️
https://t.me/Shageronlinestore",💥vintage mason glass drinking jar with straw 👉የራሳቸው ስትሮ ያላቸው እጅግ ውብ የሆኑ የጁስ መጠጫ ብርጭቆወች 🍸500ml ዋጋ 550ብር✅✅ ♦️ውስን ፍሬ ነው ያለው 🏢 አድራሻ ቁ1👉 መገናኛ ስሪ ኤም ሲቲ ሞል ሁለተኛ ፎቅ ቢሮ ቁ sl05aከ ሊፍቱ ፊት ለ ፊት 📍ቁ2 👉ለቡ መዳህኒዓለም ቤተክርስቲያን ፊት ለፊት ዛምሞል 2ኛ ፎቅ ቢሮ ቁጥር214 👍ለቡ ቅርንጫፍ📲<phone> 📲 <phone> 📲 <phone> 🔖 💬 በtelegram ለማዘዝ ⤵️ ይጠቀሙ shageronlinestore ለተጨማሪ ማብራሪያ የቴሌግራም ገፃችን⤵️ <url>,"['💥vintage', 'mason', 'glass', 'drinking', 'jar', 'with', 'straw', '👉የራሳቸው', 'ስትሮ', 'ያላቸው', 'እጅግ', 'ውብ', 'የሆኑ', 'የጁስ', 'መጠጫ', 'ብርጭቆወች', '🍸500ml', 'ዋጋ', '550ብር✅✅', '♦️ውስን', 'ፍሬ', 'ነው', 'ያለው', '🏢', 'አድራሻ', 'ቁ1👉', 'መገናኛ', 'ስሪ', 'ኤም', 'ሲቲ', 'ሞል', 'ሁለተኛ', 'ፎቅ', 'ቢሮ', 'ቁ', 'sl05aከ', 'ሊፍቱ', 'ፊት', 'ለ', 'ፊት', '📍ቁ2', '👉ለቡ', 'መዳህኒዓለም', 'ቤተክርስቲያን', 'ፊት', 'ለፊት', 'ዛምሞል', '2ኛ', 'ፎቅ', 'ቢሮ', 'ቁጥር214', '👍ለቡ', 'ቅርንጫፍ📲', '<', 'phone', '>', '📲', '<', 'phone', '>', '📲', '<', 'phone', '>', '🔖', '💬', 'በtelegram', 'ለማዘዝ', '⤵️', 'ይጠቀሙ', 'shageronlinestore', 'ለተጨማሪ', 'ማብራሪያ', 'የቴሌግራም', 'ገፃችን⤵️', '<', 'url', '>']",data/images\7370.jpg,
7369,2025-06-17 08:41:24+00:00,,"📣 HOBBY LOBBY 3 in 1 Chopper and Garlic Peeler

#ስጋ እና ሽንኩርት በሰከንዶች ድቅቅ የሚያደርግ 

#የነጭ_ሽንኩርት የራሱ መላጫ ያለው


✔️ Two 3-liter jars
✔️ One is metal and the other is thick glass.
✔️ With 4 blades and 2 blades grinder
👀 Meat, gizzards, vegetables, onions, and garlic are ground into it.👀
🔔 Dried and peeled garlic cloves with a peeler🔔
📌 An additional switch with 4 blades
✔️ 3-press grinder

    ዋጋ:- 3900ብር

📍ውስን ፍሬ ነው ያለን/ Limited Stock

🏢 አድራሻ ቁ.1 👉 መገናኛ ታሜ ጋስ ህንፃ ጎን ስሪ ኤም ሲቲ ሞል  ሁለተኛ ፎቅ ቢሮ ቁ. SL-05A(ከ ሊፍቱ ፊት ለ ፊት)

📍ቁ.2 👉ለቡ  መዳህኒዓለም ቤተ/ክርስቲያን 100ሜ ወደ ሙዚቃ ቤት ከፍ ብሎ  #ዛም_ሞል 2ኛ ፎቅ ቢሮ.ቁ 214


    📲 0909522840
    📲 0923350054

👍ለቡ ቅርንጫፍ📲0973611819


🔖
💬  በTelegram ለማዘዝ ⤵️ ይጠቀሙ
@shager_onlinestore
  
ለተጨማሪ ማብራሪያ የቴሌግራም ገፃችን⤵️
https://t.me/Shageronlinestore",📣 hobby lobby 3 in 1 chopper and garlic peeler ስጋ እና ሽንኩርት በሰከንዶች ድቅቅ የሚያደርግ የነጭሽንኩርት የራሱ መላጫ ያለው ✔️ two 3liter jars ✔️ one is metal and the other is thick glass ✔️ with 4 blades and 2 blades grinder 👀 meat gizzards vegetables onions and garlic are ground into it👀 🔔 dried and peeled garlic cloves with a peeler🔔 📌 an additional switch with 4 blades ✔️ 3press grinder ዋጋ 3900ብር 📍ውስን ፍሬ ነው ያለን limited stock 🏢 አድራሻ ቁ1 👉 መገናኛ ታሜ ጋስ ህንፃ ጎን ስሪ ኤም ሲቲ ሞል ሁለተኛ ፎቅ ቢሮ ቁ sl05aከ ሊፍቱ ፊት ለ ፊት 📍ቁ2 👉ለቡ መዳህኒዓለም ቤተክርስቲያን 100ሜ ወደ ሙዚቃ ቤት ከፍ ብሎ ዛምሞል 2ኛ ፎቅ ቢሮቁ 214 📲 <phone> 📲 <phone> 👍ለቡ ቅርንጫፍ📲<phone> 🔖 💬 በtelegram ለማዘዝ ⤵️ ይጠቀሙ shageronlinestore ለተጨማሪ ማብራሪያ የቴሌግራም ገፃችን⤵️ <url>,"['📣', 'hobby', 'lobby', '3', 'in', '1', 'chopper', 'and', 'garlic', 'peeler', 'ስጋ', 'እና', 'ሽንኩርት', 'በሰከንዶች', 'ድቅቅ', 'የሚያደርግ', 'የነጭሽንኩርት', 'የራሱ', 'መላጫ', 'ያለው', '✔️', 'two', '3liter', 'jars', '✔️', 'one', 'is', 'metal', 'and', 'the', 'other', 'is', 'thick', 'glass', '✔️', 'with', '4', 'blades', 'and', '2', 'blades', 'grinder', '👀', 'meat', 'gizzards', 'vegetables', 'onions', 'and', 'garlic', 'are', 'ground', 'into', 'it👀', '🔔', 'dried', 'and', 'peeled', 'garlic', 'cloves', 'with', 'a', 'peeler🔔', '📌', 'an', 'additional', 'switch', 'with', '4', 'blades', '✔️', '3press', 'grinder', 'ዋጋ', '3900ብር', '📍ውስን', 'ፍሬ', 'ነው', 'ያለን', 'limited', 'stock', '🏢', 'አድራሻ', 'ቁ1', '👉', 'መገናኛ', 'ታሜ', 'ጋስ', 'ህንፃ', 'ጎን', 'ስሪ', 'ኤም', 'ሲቲ', 'ሞል', 'ሁለተኛ', 'ፎቅ', 'ቢሮ', 'ቁ', 'sl05aከ', 'ሊፍቱ', 'ፊት', 'ለ', 'ፊት', '📍ቁ2', '👉ለቡ', 'መዳህኒዓለም', 'ቤተክርስቲያን', '100ሜ', 'ወደ', 'ሙዚቃ', 'ቤት', 'ከፍ', 'ብሎ', 'ዛምሞል', '2ኛ', 'ፎቅ', 'ቢሮቁ', '214', '📲', '<', 'phone', '>', '📲', '<', 'phone', '>', '👍ለቡ', 'ቅርንጫፍ📲', '<', 'phone', '>', '🔖', '💬', 'በtelegram', 'ለማዘዝ', '⤵️', 'ይጠቀሙ', 'shageronlinestore', 'ለተጨማሪ', 'ማብራሪያ', 'የቴሌግራም', 'ገፃችን⤵️', '<', 'url', '>']",,data/documents\7369.dat
7368,2025-06-17 08:41:24+00:00,,"📣 HOBBY LOBBY 3 in 1 Chopper and Garlic Peeler

#ስጋ እና ሽንኩርት በሰከንዶች ድቅቅ የሚያደርግ 

#የነጭ_ሽንኩርት የራሱ መላጫ ያለው


✔️ Two 3-liter jars
✔️ One is metal and the other is thick glass.
✔️ With 4 blades and 2 blades grinder
👀 Meat, gizzards, vegetables, onions, and garlic are ground into it.👀
🔔 Dried and peeled garlic cloves with a peeler🔔
📌 An additional switch with 4 blades
✔️ 3-press grinder

    ዋጋ:- 3900ብር

📍ውስን ፍሬ ነው ያለን/ Limited Stock

🏢 አድራሻ ቁ.1 👉 መገናኛ ታሜ ጋስ ህንፃ ጎን ስሪ ኤም ሲቲ ሞል  ሁለተኛ ፎቅ ቢሮ ቁ. SL-05A(ከ ሊፍቱ ፊት ለ ፊት)

📍ቁ.2 👉ለቡ  መዳህኒዓለም ቤተ/ክርስቲያን 100ሜ ወደ ሙዚቃ ቤት ከፍ ብሎ  #ዛም_ሞል 2ኛ ፎቅ ቢሮ.ቁ 214


    📲 0909522840
    📲 0923350054

👍ለቡ ቅርንጫፍ📲0973611819


🔖
💬  በTelegram ለማዘዝ ⤵️ ይጠቀሙ
@shager_onlinestore
  
ለተጨማሪ ማብራሪያ የቴሌግራም ገፃችን⤵️
https://t.me/Shageronlinestore",📣 hobby lobby 3 in 1 chopper and garlic peeler ስጋ እና ሽንኩርት በሰከንዶች ድቅቅ የሚያደርግ የነጭሽንኩርት የራሱ መላጫ ያለው ✔️ two 3liter jars ✔️ one is metal and the other is thick glass ✔️ with 4 blades and 2 blades grinder 👀 meat gizzards vegetables onions and garlic are ground into it👀 🔔 dried and peeled garlic cloves with a peeler🔔 📌 an additional switch with 4 blades ✔️ 3press grinder ዋጋ 3900ብር 📍ውስን ፍሬ ነው ያለን limited stock 🏢 አድራሻ ቁ1 👉 መገናኛ ታሜ ጋስ ህንፃ ጎን ስሪ ኤም ሲቲ ሞል ሁለተኛ ፎቅ ቢሮ ቁ sl05aከ ሊፍቱ ፊት ለ ፊት 📍ቁ2 👉ለቡ መዳህኒዓለም ቤተክርስቲያን 100ሜ ወደ ሙዚቃ ቤት ከፍ ብሎ ዛምሞል 2ኛ ፎቅ ቢሮቁ 214 📲 <phone> 📲 <phone> 👍ለቡ ቅርንጫፍ📲<phone> 🔖 💬 በtelegram ለማዘዝ ⤵️ ይጠቀሙ shageronlinestore ለተጨማሪ ማብራሪያ የቴሌግራም ገፃችን⤵️ <url>,"['📣', 'hobby', 'lobby', '3', 'in', '1', 'chopper', 'and', 'garlic', 'peeler', 'ስጋ', 'እና', 'ሽንኩርት', 'በሰከንዶች', 'ድቅቅ', 'የሚያደርግ', 'የነጭሽንኩርት', 'የራሱ', 'መላጫ', 'ያለው', '✔️', 'two', '3liter', 'jars', '✔️', 'one', 'is', 'metal', 'and', 'the', 'other', 'is', 'thick', 'glass', '✔️', 'with', '4', 'blades', 'and', '2', 'blades', 'grinder', '👀', 'meat', 'gizzards', 'vegetables', 'onions', 'and', 'garlic', 'are', 'ground', 'into', 'it👀', '🔔', 'dried', 'and', 'peeled', 'garlic', 'cloves', 'with', 'a', 'peeler🔔', '📌', 'an', 'additional', 'switch', 'with', '4', 'blades', '✔️', '3press', 'grinder', 'ዋጋ', '3900ብር', '📍ውስን', 'ፍሬ', 'ነው', 'ያለን', 'limited', 'stock', '🏢', 'አድራሻ', 'ቁ1', '👉', 'መገናኛ', 'ታሜ', 'ጋስ', 'ህንፃ', 'ጎን', 'ስሪ', 'ኤም', 'ሲቲ', 'ሞል', 'ሁለተኛ', 'ፎቅ', 'ቢሮ', 'ቁ', 'sl05aከ', 'ሊፍቱ', 'ፊት', 'ለ', 'ፊት', '📍ቁ2', '👉ለቡ', 'መዳህኒዓለም', 'ቤተክርስቲያን', '100ሜ', 'ወደ', 'ሙዚቃ', 'ቤት', 'ከፍ', 'ብሎ', 'ዛምሞል', '2ኛ', 'ፎቅ', 'ቢሮቁ', '214', '📲', '<', 'phone', '>', '📲', '<', 'phone', '>', '👍ለቡ', 'ቅርንጫፍ📲', '<', 'phone', '>', '🔖', '💬', 'በtelegram', 'ለማዘዝ', '⤵️', 'ይጠቀሙ', 'shageronlinestore', 'ለተጨማሪ', 'ማብራሪያ', 'የቴሌግራም', 'ገፃችን⤵️', '<', 'url', '>']",,data/documents\7368.dat
7366,2025-06-17 08:41:24+00:00,,"📣 HOBBY LOBBY 3 in 1 Chopper and Garlic Peeler

#ስጋ እና ሽንኩርት በሰከንዶች ድቅቅ የሚያደርግ 

#የነጭ_ሽንኩርት የራሱ መላጫ ያለው


✔️ Two 3-liter jars
✔️ One is metal and the other is thick glass.
✔️ With 4 blades and 2 blades grinder
👀 Meat, gizzards, vegetables, onions, and garlic are ground into it.👀
🔔 Dried and peeled garlic cloves with a peeler🔔
📌 An additional switch with 4 blades
✔️ 3-press grinder

    ዋጋ:- 3900ብር

📍ውስን ፍሬ ነው ያለን/ Limited Stock

🏢 አድራሻ ቁ.1 👉 መገናኛ ታሜ ጋስ ህንፃ ጎን ስሪ ኤም ሲቲ ሞል  ሁለተኛ ፎቅ ቢሮ ቁ. SL-05A(ከ ሊፍቱ ፊት ለ ፊት)

📍ቁ.2 👉ለቡ  መዳህኒዓለም ቤተ/ክርስቲያን 100ሜ ወደ ሙዚቃ ቤት ከፍ ብሎ  #ዛም_ሞል 2ኛ ፎቅ ቢሮ.ቁ 214


    📲 0909522840
    📲 0923350054

👍ለቡ ቅርንጫፍ📲0973611819


🔖
💬  በTelegram ለማዘዝ ⤵️ ይጠቀሙ
@shager_onlinestore
  
ለተጨማሪ ማብራሪያ የቴሌግራም ገፃችን⤵️
https://t.me/Shageronlinestore",📣 hobby lobby 3 in 1 chopper and garlic peeler ስጋ እና ሽንኩርት በሰከንዶች ድቅቅ የሚያደርግ የነጭሽንኩርት የራሱ መላጫ ያለው ✔️ two 3liter jars ✔️ one is metal and the other is thick glass ✔️ with 4 blades and 2 blades grinder 👀 meat gizzards vegetables onions and garlic are ground into it👀 🔔 dried and peeled garlic cloves with a peeler🔔 📌 an additional switch with 4 blades ✔️ 3press grinder ዋጋ 3900ብር 📍ውስን ፍሬ ነው ያለን limited stock 🏢 አድራሻ ቁ1 👉 መገናኛ ታሜ ጋስ ህንፃ ጎን ስሪ ኤም ሲቲ ሞል ሁለተኛ ፎቅ ቢሮ ቁ sl05aከ ሊፍቱ ፊት ለ ፊት 📍ቁ2 👉ለቡ መዳህኒዓለም ቤተክርስቲያን 100ሜ ወደ ሙዚቃ ቤት ከፍ ብሎ ዛምሞል 2ኛ ፎቅ ቢሮቁ 214 📲 <phone> 📲 <phone> 👍ለቡ ቅርንጫፍ📲<phone> 🔖 💬 በtelegram ለማዘዝ ⤵️ ይጠቀሙ shageronlinestore ለተጨማሪ ማብራሪያ የቴሌግራም ገፃችን⤵️ <url>,"['📣', 'hobby', 'lobby', '3', 'in', '1', 'chopper', 'and', 'garlic', 'peeler', 'ስጋ', 'እና', 'ሽንኩርት', 'በሰከንዶች', 'ድቅቅ', 'የሚያደርግ', 'የነጭሽንኩርት', 'የራሱ', 'መላጫ', 'ያለው', '✔️', 'two', '3liter', 'jars', '✔️', 'one', 'is', 'metal', 'and', 'the', 'other', 'is', 'thick', 'glass', '✔️', 'with', '4', 'blades', 'and', '2', 'blades', 'grinder', '👀', 'meat', 'gizzards', 'vegetables', 'onions', 'and', 'garlic', 'are', 'ground', 'into', 'it👀', '🔔', 'dried', 'and', 'peeled', 'garlic', 'cloves', 'with', 'a', 'peeler🔔', '📌', 'an', 'additional', 'switch', 'with', '4', 'blades', '✔️', '3press', 'grinder', 'ዋጋ', '3900ብር', '📍ውስን', 'ፍሬ', 'ነው', 'ያለን', 'limited', 'stock', '🏢', 'አድራሻ', 'ቁ1', '👉', 'መገናኛ', 'ታሜ', 'ጋስ', 'ህንፃ', 'ጎን', 'ስሪ', 'ኤም', 'ሲቲ', 'ሞል', 'ሁለተኛ', 'ፎቅ', 'ቢሮ', 'ቁ', 'sl05aከ', 'ሊፍቱ', 'ፊት', 'ለ', 'ፊት', '📍ቁ2', '👉ለቡ', 'መዳህኒዓለም', 'ቤተክርስቲያን', '100ሜ', 'ወደ', 'ሙዚቃ', 'ቤት', 'ከፍ', 'ብሎ', 'ዛምሞል', '2ኛ', 'ፎቅ', 'ቢሮቁ', '214', '📲', '<', 'phone', '>', '📲', '<', 'phone', '>', '👍ለቡ', 'ቅርንጫፍ📲', '<', 'phone', '>', '🔖', '💬', 'በtelegram', 'ለማዘዝ', '⤵️', 'ይጠቀሙ', 'shageronlinestore', 'ለተጨማሪ', 'ማብራሪያ', 'የቴሌግራም', 'ገፃችን⤵️', '<', 'url', '>']",data/images\7366.jpg,
7360,2025-06-17 07:27:32+00:00,,"#አልቆል_ለተባላችሁ_በድጋሚ_አስገብተናል 
💥የመስታዎት ፓትራዎች ( glass bakewares) 🥧 🥮 

👉Rectagular shape

👉ገበታ ላይ መቅረብ የሚችሉ ውብ የመስታዎት ፓትራዎች 
   
👉ሶስት የተለያየ መጠን ያላቸው (3.1 ሊ ፣ 2.5 ሊ፣ 1.8ሊ ) ፓትራዎችን የያዘ

👉ለላዛኛ ፣ ፓስታ ፍርኖ፣ ኬክ  ተመራጭ

👉ውብና ማራኪ ገበታ ላይ  መቅረብ የሚችሉ 

👉ውፍራም ማንኛውንም ሙቀት የሚቋቋም

ዋጋ፦  💰 ሶስቱን በ 3800 ብር

📍ውስን ፍሬ ነው ያለን/ Limited Stock

🏢 አድራሻ ቁ.1 👉 መገናኛ ታሜ ጋስ ህንፃ ጎን ስሪ ኤም ሲቲ ሞል  ሁለተኛ ፎቅ ቢሮ ቁ. SL-05A(ከ ሊፍቱ ፊት ለ ፊት)

📍ቁ.2 👉ለቡ  መዳህኒዓለም ቤተ/ክርስቲያን 100ሜ ወደ ሙዚቃ ቤት ከፍ ብሎ  #ዛም_ሞል 2ኛ ፎቅ ቢሮ.ቁ 214


    📲 0909522840
    📲 0923350054

👍ለቡ ቅርንጫፍ📲0973611819


🔖
💬  በTelegram ለማዘዝ ⤵️ ይጠቀሙ
@shager_onlinestore
  
ለተጨማሪ ማብራሪያ የቴሌግራም ገፃችን⤵️
https://t.me/Shageronlinestore",አልቆልለተባላችሁበድጋሚአስገብተናል 💥የመስታዎት ፓትራዎች glass bakewares 🥧 🥮 👉rectagular shape 👉ገበታ ላይ መቅረብ የሚችሉ ውብ የመስታዎት ፓትራዎች 👉ሶስት የተለያየ መጠን ያላቸው 31 ሊ 25 ሊ 18ሊ ፓትራዎችን የያዘ 👉ለላዛኛ ፓስታ ፍርኖ ኬክ ተመራጭ 👉ውብና ማራኪ ገበታ ላይ መቅረብ የሚችሉ 👉ውፍራም ማንኛውንም ሙቀት የሚቋቋም ዋጋ 💰 ሶስቱን በ 3800 ብር 📍ውስን ፍሬ ነው ያለን limited stock 🏢 አድራሻ ቁ1 👉 መገናኛ ታሜ ጋስ ህንፃ ጎን ስሪ ኤም ሲቲ ሞል ሁለተኛ ፎቅ ቢሮ ቁ sl05aከ ሊፍቱ ፊት ለ ፊት 📍ቁ2 👉ለቡ መዳህኒዓለም ቤተክርስቲያን 100ሜ ወደ ሙዚቃ ቤት ከፍ ብሎ ዛምሞል 2ኛ ፎቅ ቢሮቁ 214 📲 <phone> 📲 <phone> 👍ለቡ ቅርንጫፍ📲<phone> 🔖 💬 በtelegram ለማዘዝ ⤵️ ይጠቀሙ shageronlinestore ለተጨማሪ ማብራሪያ የቴሌግራም ገፃችን⤵️ <url>,"['አልቆልለተባላችሁበድጋሚአስገብተናል', '💥የመስታዎት', 'ፓትራዎች', 'glass', 'bakewares', '🥧', '🥮', '👉rectagular', 'shape', '👉ገበታ', 'ላይ', 'መቅረብ', 'የሚችሉ', 'ውብ', 'የመስታዎት', 'ፓትራዎች', '👉ሶስት', 'የተለያየ', 'መጠን', 'ያላቸው', '31', 'ሊ', '25', 'ሊ', '18ሊ', 'ፓትራዎችን', 'የያዘ', '👉ለላዛኛ', 'ፓስታ', 'ፍርኖ', 'ኬክ', 'ተመራጭ', '👉ውብና', 'ማራኪ', 'ገበታ', 'ላይ', 'መቅረብ', 'የሚችሉ', '👉ውፍራም', 'ማንኛውንም', 'ሙቀት', 'የሚቋቋም', 'ዋጋ', '💰', 'ሶስቱን', 'በ', '3800', 'ብር', '📍ውስን', 'ፍሬ', 'ነው', 'ያለን', 'limited', 'stock', '🏢', 'አድራሻ', 'ቁ1', '👉', 'መገናኛ', 'ታሜ', 'ጋስ', 'ህንፃ', 'ጎን', 'ስሪ', 'ኤም', 'ሲቲ', 'ሞል', 'ሁለተኛ', 'ፎቅ', 'ቢሮ', 'ቁ', 'sl05aከ', 'ሊፍቱ', 'ፊት', 'ለ', 'ፊት', '📍ቁ2', '👉ለቡ', 'መዳህኒዓለም', 'ቤተክርስቲያን', '100ሜ', 'ወደ', 'ሙዚቃ', 'ቤት', 'ከፍ', 'ብሎ', 'ዛምሞል', '2ኛ', 'ፎቅ', 'ቢሮቁ', '214', '📲', '<', 'phone', '>', '📲', '<', 'phone', '>', '👍ለቡ', 'ቅርንጫፍ📲', '<', 'phone', '>', '🔖', '💬', 'በtelegram', 'ለማዘዝ', '⤵️', 'ይጠቀሙ', 'shageronlinestore', 'ለተጨማሪ', 'ማብራሪያ', 'የቴሌግራም', 'ገፃችን⤵️', '<', 'url', '>']",data/images\7360.jpg,
7359,2025-06-16 14:02:38+00:00,,"⚡️portable foldable mosquito net for kids

👌በቀላሉ ይዞ ለመንቀሳቀስ አመቺ
👌ልጆችዎን ከቢንቢ እና ከተለያዩ ነፍሳት የሚጠብቅ
👌size:-100cm*60cm

    
      ዋጋ:-1400ብር💲


🏢 አድራሻ  👉ቁ.1 መገናኛ ስሪ ኤም ሲቲ ሞል  ሁለተኛ ፎቅ ቢሮ ቁ. SL-05A(ከ ሊፍቱ ፊት ለ ፊት)

📍ቁ.2 👉ለቡ  መዳህኒዓለም ቤተ/ክርስቲያን ፊት ለፊት  #ዛም_ሞል 2ኛ ፎቅ ቢሮ ቁጥር.214


👍ለቡ ቅርንጫፍ📲0971611819



     💧💧💧💧


    📲 0909522840
    📲 0923350054

🔖
💬  በTelegram ለማዘዝ ⤵️ ይጠቀሙ
@shager_onlinestore
  
ለተጨማሪ ማብራሪያ የቴሌግራም ገፃችን⤵️
https://t.me/Shageronlinestore",⚡️portable foldable mosquito net for kids 👌በቀላሉ ይዞ ለመንቀሳቀስ አመቺ 👌ልጆችዎን ከቢንቢ እና ከተለያዩ ነፍሳት የሚጠብቅ 👌size100cm60cm ዋጋ1400ብር💲 🏢 አድራሻ 👉ቁ1 መገናኛ ስሪ ኤም ሲቲ ሞል ሁለተኛ ፎቅ ቢሮ ቁ sl05aከ ሊፍቱ ፊት ለ ፊት 📍ቁ2 👉ለቡ መዳህኒዓለም ቤተክርስቲያን ፊት ለፊት ዛምሞል 2ኛ ፎቅ ቢሮ ቁጥር214 👍ለቡ ቅርንጫፍ📲<phone> 💧💧💧💧 📲 <phone> 📲 <phone> 🔖 💬 በtelegram ለማዘዝ ⤵️ ይጠቀሙ shageronlinestore ለተጨማሪ ማብራሪያ የቴሌግራም ገፃችን⤵️ <url>,"['⚡️portable', 'foldable', 'mosquito', 'net', 'for', 'kids', '👌በቀላሉ', 'ይዞ', 'ለመንቀሳቀስ', 'አመቺ', '👌ልጆችዎን', 'ከቢንቢ', 'እና', 'ከተለያዩ', 'ነፍሳት', 'የሚጠብቅ', '👌size100cm60cm', 'ዋጋ1400ብር💲', '🏢', 'አድራሻ', '👉ቁ1', 'መገናኛ', 'ስሪ', 'ኤም', 'ሲቲ', 'ሞል', 'ሁለተኛ', 'ፎቅ', 'ቢሮ', 'ቁ', 'sl05aከ', 'ሊፍቱ', 'ፊት', 'ለ', 'ፊት', '📍ቁ2', '👉ለቡ', 'መዳህኒዓለም', 'ቤተክርስቲያን', 'ፊት', 'ለፊት', 'ዛምሞል', '2ኛ', 'ፎቅ', 'ቢሮ', 'ቁጥር214', '👍ለቡ', 'ቅርንጫፍ📲', '<', 'phone', '>', '💧💧💧💧', '📲', '<', 'phone', '>', '📲', '<', 'phone', '>', '🔖', '💬', 'በtelegram', 'ለማዘዝ', '⤵️', 'ይጠቀሙ', 'shageronlinestore', 'ለተጨማሪ', 'ማብራሪያ', 'የቴሌግራም', 'ገፃችን⤵️', '<', 'url', '>']",,data/documents\7359.dat
7358,2025-06-16 11:46:38+00:00,,"👋3in1 delux multifunctional  bassinet

✨ከግራ ወደቀኝ እየተንቀሳቀሰ
ልጆችን እሹሩሩ እያለ የሚያጫውት የሚያስተኛ
✨የራሱ ሪሞት ያለው 
የራሱ ሙዚቃዎች ያሉት እንዲሁም
✨በብሉቱዝ እና በፍላሽ የምንፈልገውን ሙዚቃ ማጫዎት እንችላለን 
✨በሶኬት እና በባትሪ ድንጋይ የሚሰራ
✨ልጆች ከፍ ሲሉ እንደ ወንበር ያገለግላቸዋል

ዋጋ፦  💰🏷  14,000 ብር

♦️ውስን ፍሬ ነው ያለው

🏢 አድራሻ ቁ.1 👉 መገናኛ ታሜ ጋስ ህንፃ ጎን ስሪ ኤም ሲቲ ሞል  ሁለተኛ ፎቅ ቢሮ ቁ. SL-05A(ከ ሊፍቱ ፊት ለ ፊት)

📍ቁ.2 👉ለቡ  መዳህኒዓለም ቤተ/ክርስቲያን 100ሜ ወደ ሙዚቃ ቤት ከፍ ብሎ  #ዛም_ሞል 2ኛ ፎቅ ቢሮ.ቁ 214


    📲 0909522840
    📲 0923350054

👍ለቡ ቅርንጫፍ📲0973611819


🔖
💬  በTelegram ለማዘዝ ⤵️ ይጠቀሙ
@shager_onlinestore
  
ለተጨማሪ ማብራሪያ የቴሌግራም ገፃችን⤵️
https://t.me/Shageronlinestore          ",👋3in1 delux multifunctional bassinet ✨ከግራ ወደቀኝ እየተንቀሳቀሰ ልጆችን እሹሩሩ እያለ የሚያጫውት የሚያስተኛ ✨የራሱ ሪሞት ያለው የራሱ ሙዚቃዎች ያሉት እንዲሁም ✨በብሉቱዝ እና በፍላሽ የምንፈልገውን ሙዚቃ ማጫዎት እንችላለን ✨በሶኬት እና በባትሪ ድንጋይ የሚሰራ ✨ልጆች ከፍ ሲሉ እንደ ወንበር ያገለግላቸዋል ዋጋ 💰🏷 14000 ብር ♦️ውስን ፍሬ ነው ያለው 🏢 አድራሻ ቁ1 👉 መገናኛ ታሜ ጋስ ህንፃ ጎን ስሪ ኤም ሲቲ ሞል ሁለተኛ ፎቅ ቢሮ ቁ sl05aከ ሊፍቱ ፊት ለ ፊት 📍ቁ2 👉ለቡ መዳህኒዓለም ቤተክርስቲያን 100ሜ ወደ ሙዚቃ ቤት ከፍ ብሎ ዛምሞል 2ኛ ፎቅ ቢሮቁ 214 📲 <phone> 📲 <phone> 👍ለቡ ቅርንጫፍ📲<phone> 🔖 💬 በtelegram ለማዘዝ ⤵️ ይጠቀሙ shageronlinestore ለተጨማሪ ማብራሪያ የቴሌግራም ገፃችን⤵️ <url>,"['👋3in1', 'delux', 'multifunctional', 'bassinet', '✨ከግራ', 'ወደቀኝ', 'እየተንቀሳቀሰ', 'ልጆችን', 'እሹሩሩ', 'እያለ', 'የሚያጫውት', 'የሚያስተኛ', '✨የራሱ', 'ሪሞት', 'ያለው', 'የራሱ', 'ሙዚቃዎች', 'ያሉት', 'እንዲሁም', '✨በብሉቱዝ', 'እና', 'በፍላሽ', 'የምንፈልገውን', 'ሙዚቃ', 'ማጫዎት', 'እንችላለን', '✨በሶኬት', 'እና', 'በባትሪ', 'ድንጋይ', 'የሚሰራ', '✨ልጆች', 'ከፍ', 'ሲሉ', 'እንደ', 'ወንበር', 'ያገለግላቸዋል', 'ዋጋ', '💰🏷', '14000', 'ብር', '♦️ውስን', 'ፍሬ', 'ነው', 'ያለው', '🏢', 'አድራሻ', 'ቁ1', '👉', 'መገናኛ', 'ታሜ', 'ጋስ', 'ህንፃ', 'ጎን', 'ስሪ', 'ኤም', 'ሲቲ', 'ሞል', 'ሁለተኛ', 'ፎቅ', 'ቢሮ', 'ቁ', 'sl05aከ', 'ሊፍቱ', 'ፊት', 'ለ', 'ፊት', '📍ቁ2', '👉ለቡ', 'መዳህኒዓለም', 'ቤተክርስቲያን', '100ሜ', 'ወደ', 'ሙዚቃ', 'ቤት', 'ከፍ', 'ብሎ', 'ዛምሞል', '2ኛ', 'ፎቅ', 'ቢሮቁ', '214', '📲', '<', 'phone', '>', '📲', '<', 'phone', '>', '👍ለቡ', 'ቅርንጫፍ📲', '<', 'phone', '>', '🔖', '💬', 'በtelegram', 'ለማዘዝ', '⤵️', 'ይጠቀሙ', 'shageronlinestore', 'ለተጨማሪ', 'ማብራሪያ', 'የቴሌግራም', 'ገፃችን⤵️', '<', 'url', '>']",,data/documents\7358.dat
7357,2025-06-16 11:37:47+00:00,,"👋3in1 delux multifunctional  bassinet

✨ከግራ ወደቀኝ እየተንቀሳቀሰ
ልጆችን እሹሩሩ እያለ የሚያጫውት የሚያስተኛ
✨የራሱ ሪሞት ያለው 
የራሱ ሙዚቃዎች ያሉት እንዲሁም
✨በብሉቱዝ እና በፍላሽ የምንፈልገውን ሙዚቃ ማጫዎት እንችላለን 
✨በሶኬት እና በባትሪ ድንጋይ የሚሰራ
✨ልጆች ከፍ ሲሉ እንደ ወንበር ያገለግላቸዋል

ዋጋ፦  💰🏷  14,000 ብር

♦️ውስን ፍሬ ነው ያለው

🏢 አድራሻ ቁ.1 👉 መገናኛ ታሜ ጋስ ህንፃ ጎን ስሪ ኤም ሲቲ ሞል  ሁለተኛ ፎቅ ቢሮ ቁ. SL-05A(ከ ሊፍቱ ፊት ለ ፊት)

📍ቁ.2 👉ለቡ  መዳህኒዓለም ቤተ/ክርስቲያን 100ሜ ወደ ሙዚቃ ቤት ከፍ ብሎ  #ዛም_ሞል 2ኛ ፎቅ ቢሮ.ቁ 214


    📲 0909522840
    📲 0923350054

👍ለቡ ቅርንጫፍ📲0973611819


🔖
💬  በTelegram ለማዘዝ ⤵️ ይጠቀሙ
@shager_onlinestore
  
ለተጨማሪ ማብራሪያ የቴሌግራም ገፃችን⤵️
https://t.me/Shageronlinestore          ",👋3in1 delux multifunctional bassinet ✨ከግራ ወደቀኝ እየተንቀሳቀሰ ልጆችን እሹሩሩ እያለ የሚያጫውት የሚያስተኛ ✨የራሱ ሪሞት ያለው የራሱ ሙዚቃዎች ያሉት እንዲሁም ✨በብሉቱዝ እና በፍላሽ የምንፈልገውን ሙዚቃ ማጫዎት እንችላለን ✨በሶኬት እና በባትሪ ድንጋይ የሚሰራ ✨ልጆች ከፍ ሲሉ እንደ ወንበር ያገለግላቸዋል ዋጋ 💰🏷 14000 ብር ♦️ውስን ፍሬ ነው ያለው 🏢 አድራሻ ቁ1 👉 መገናኛ ታሜ ጋስ ህንፃ ጎን ስሪ ኤም ሲቲ ሞል ሁለተኛ ፎቅ ቢሮ ቁ sl05aከ ሊፍቱ ፊት ለ ፊት 📍ቁ2 👉ለቡ መዳህኒዓለም ቤተክርስቲያን 100ሜ ወደ ሙዚቃ ቤት ከፍ ብሎ ዛምሞል 2ኛ ፎቅ ቢሮቁ 214 📲 <phone> 📲 <phone> 👍ለቡ ቅርንጫፍ📲<phone> 🔖 💬 በtelegram ለማዘዝ ⤵️ ይጠቀሙ shageronlinestore ለተጨማሪ ማብራሪያ የቴሌግራም ገፃችን⤵️ <url>,"['👋3in1', 'delux', 'multifunctional', 'bassinet', '✨ከግራ', 'ወደቀኝ', 'እየተንቀሳቀሰ', 'ልጆችን', 'እሹሩሩ', 'እያለ', 'የሚያጫውት', 'የሚያስተኛ', '✨የራሱ', 'ሪሞት', 'ያለው', 'የራሱ', 'ሙዚቃዎች', 'ያሉት', 'እንዲሁም', '✨በብሉቱዝ', 'እና', 'በፍላሽ', 'የምንፈልገውን', 'ሙዚቃ', 'ማጫዎት', 'እንችላለን', '✨በሶኬት', 'እና', 'በባትሪ', 'ድንጋይ', 'የሚሰራ', '✨ልጆች', 'ከፍ', 'ሲሉ', 'እንደ', 'ወንበር', 'ያገለግላቸዋል', 'ዋጋ', '💰🏷', '14000', 'ብር', '♦️ውስን', 'ፍሬ', 'ነው', 'ያለው', '🏢', 'አድራሻ', 'ቁ1', '👉', 'መገናኛ', 'ታሜ', 'ጋስ', 'ህንፃ', 'ጎን', 'ስሪ', 'ኤም', 'ሲቲ', 'ሞል', 'ሁለተኛ', 'ፎቅ', 'ቢሮ', 'ቁ', 'sl05aከ', 'ሊፍቱ', 'ፊት', 'ለ', 'ፊት', '📍ቁ2', '👉ለቡ', 'መዳህኒዓለም', 'ቤተክርስቲያን', '100ሜ', 'ወደ', 'ሙዚቃ', 'ቤት', 'ከፍ', 'ብሎ', 'ዛምሞል', '2ኛ', 'ፎቅ', 'ቢሮቁ', '214', '📲', '<', 'phone', '>', '📲', '<', 'phone', '>', '👍ለቡ', 'ቅርንጫፍ📲', '<', 'phone', '>', '🔖', '💬', 'በtelegram', 'ለማዘዝ', '⤵️', 'ይጠቀሙ', 'shageronlinestore', 'ለተጨማሪ', 'ማብራሪያ', 'የቴሌግራም', 'ገፃችን⤵️', '<', 'url', '>']",data/images\7357.jpg,
7348,2025-06-16 06:35:55+00:00,,"💥Electric Hot plate 

⚡️በኤሌክትሪክ የሚሰራ 
⚡️የራሱ ሙቀት መቆጣጠሪያ ያለው
⚡️1400 watt 
⚡️ለማንቀሳቀስ የራሱ መያዣ ያለው 
⚡️ከጀበና እስከ ትልቅ ድስቶች የሚመች


     ዋጋ፦ 💰✅4500ብር
                         

ውስን ፍሬ ነው የቀረው ❌

🏢 አድራሻ ቁ.1 👉 መገናኛ ታሜ ጋስ ህንፃ ጎን ስሪ ኤም ሲቲ ሞል  ሁለተኛ ፎቅ ቢሮ ቁ. SL-05A(ከ ሊፍቱ ፊት ለ ፊት)

📍ቁ.2 👉ለቡ  መዳህኒዓለም ቤተ/ክርስቲያን 100ሜ ወደ ሙዚቃ ቤት ከፍ ብሎ  #ዛም_ሞል 2ኛ ፎቅ ቢሮ.ቁ 214


    📲 0909522840
    📲 0923350054

👍ለቡ ቅርንጫፍ📲0973611819


🔖
💬  በTelegram ለማዘዝ ⤵️ ይጠቀሙ
@shager_onlinestore
  
ለተጨማሪ ማብራሪያ የቴሌግራም ገፃችን⤵️
https://t.me/Shageronlinestore          ",💥electric hot plate ⚡️በኤሌክትሪክ የሚሰራ ⚡️የራሱ ሙቀት መቆጣጠሪያ ያለው ⚡️1400 watt ⚡️ለማንቀሳቀስ የራሱ መያዣ ያለው ⚡️ከጀበና እስከ ትልቅ ድስቶች የሚመች ዋጋ 💰✅4500ብር ውስን ፍሬ ነው የቀረው ❌ 🏢 አድራሻ ቁ1 👉 መገናኛ ታሜ ጋስ ህንፃ ጎን ስሪ ኤም ሲቲ ሞል ሁለተኛ ፎቅ ቢሮ ቁ sl05aከ ሊፍቱ ፊት ለ ፊት 📍ቁ2 👉ለቡ መዳህኒዓለም ቤተክርስቲያን 100ሜ ወደ ሙዚቃ ቤት ከፍ ብሎ ዛምሞል 2ኛ ፎቅ ቢሮቁ 214 📲 <phone> 📲 <phone> 👍ለቡ ቅርንጫፍ📲<phone> 🔖 💬 በtelegram ለማዘዝ ⤵️ ይጠቀሙ shageronlinestore ለተጨማሪ ማብራሪያ የቴሌግራም ገፃችን⤵️ <url>,"['💥electric', 'hot', 'plate', '⚡️በኤሌክትሪክ', 'የሚሰራ', '⚡️የራሱ', 'ሙቀት', 'መቆጣጠሪያ', 'ያለው', '⚡️1400', 'watt', '⚡️ለማንቀሳቀስ', 'የራሱ', 'መያዣ', 'ያለው', '⚡️ከጀበና', 'እስከ', 'ትልቅ', 'ድስቶች', 'የሚመች', 'ዋጋ', '💰✅4500ብር', 'ውስን', 'ፍሬ', 'ነው', 'የቀረው', '❌', '🏢', 'አድራሻ', 'ቁ1', '👉', 'መገናኛ', 'ታሜ', 'ጋስ', 'ህንፃ', 'ጎን', 'ስሪ', 'ኤም', 'ሲቲ', 'ሞል', 'ሁለተኛ', 'ፎቅ', 'ቢሮ', 'ቁ', 'sl05aከ', 'ሊፍቱ', 'ፊት', 'ለ', 'ፊት', '📍ቁ2', '👉ለቡ', 'መዳህኒዓለም', 'ቤተክርስቲያን', '100ሜ', 'ወደ', 'ሙዚቃ', 'ቤት', 'ከፍ', 'ብሎ', 'ዛምሞል', '2ኛ', 'ፎቅ', 'ቢሮቁ', '214', '📲', '<', 'phone', '>', '📲', '<', 'phone', '>', '👍ለቡ', 'ቅርንጫፍ📲', '<', 'phone', '>', '🔖', '💬', 'በtelegram', 'ለማዘዝ', '⤵️', 'ይጠቀሙ', 'shageronlinestore', 'ለተጨማሪ', 'ማብራሪያ', 'የቴሌግራም', 'ገፃችን⤵️', '<', 'url', '>']",data/images\7348.jpg,
7343,2025-06-14 10:19:19+00:00,,"📣Portable Folding Stool

✔️ ተጣጣፊ ወንበር
✔️ እስከ 100kg ክብደት የሚሸከም
✔️ ከወፍራም ፕላስቲክ የተሰራ
✔️ ቤተ ዕምነት ውስጥ፣ ቤት ውስጥ ፣ ስራ ቦታ እና መዝናኛ ቦታ ይገለገሉበታል
✔️48cm ቁመት ሲኖረው 
✔️መቀመጫው 22cm×28cm ስፋት ያለው
✔️ ለመያዝና ለማስቀመጥ የሚመች ቅልጥፋ ያለ

    ዋጋ:-ትልቁ:-1700 ብር
           ትንሹ:-1500ብር

ውስን ፍሬ ነው ያለው

🏢 አድራሻ ቁ.1 👉 መገናኛ ታሜ ጋስ ህንፃ ጎን ስሪ ኤም ሲቲ ሞል  ሁለተኛ ፎቅ ቢሮ ቁ. SL-05A(ከ ሊፍቱ ፊት ለ ፊት)

📍ቁ.2 👉ለቡ  መዳህኒዓለም ቤተ/ክርስቲያን 100ሜ ወደ ሙዚቃ ቤት ከፍ ብሎ  #ዛም_ሞል 2ኛ ፎቅ ቢሮ.ቁ 214


    📲 0909522840
    📲 0923350054

👍ለቡ ቅርንጫፍ📲0973611819


🔖
💬  በTelegram ለማዘዝ ⤵️ ይጠቀሙ
@shager_onlinestore
  
ለተጨማሪ ማብራሪያ የቴሌግራም ገፃችን⤵️
https://t.me/Shageronlinestore          ",📣portable folding stool ✔️ ተጣጣፊ ወንበር ✔️ እስከ 100kg ክብደት የሚሸከም ✔️ ከወፍራም ፕላስቲክ የተሰራ ✔️ ቤተ ዕምነት ውስጥ ቤት ውስጥ ስራ ቦታ እና መዝናኛ ቦታ ይገለገሉበታል ✔️48cm ቁመት ሲኖረው ✔️መቀመጫው 22cm×28cm ስፋት ያለው ✔️ ለመያዝና ለማስቀመጥ የሚመች ቅልጥፋ ያለ ዋጋትልቁ1700 ብር ትንሹ1500ብር ውስን ፍሬ ነው ያለው 🏢 አድራሻ ቁ1 👉 መገናኛ ታሜ ጋስ ህንፃ ጎን ስሪ ኤም ሲቲ ሞል ሁለተኛ ፎቅ ቢሮ ቁ sl05aከ ሊፍቱ ፊት ለ ፊት 📍ቁ2 👉ለቡ መዳህኒዓለም ቤተክርስቲያን 100ሜ ወደ ሙዚቃ ቤት ከፍ ብሎ ዛምሞል 2ኛ ፎቅ ቢሮቁ 214 📲 <phone> 📲 <phone> 👍ለቡ ቅርንጫፍ📲<phone> 🔖 💬 በtelegram ለማዘዝ ⤵️ ይጠቀሙ shageronlinestore ለተጨማሪ ማብራሪያ የቴሌግራም ገፃችን⤵️ <url>,"['📣portable', 'folding', 'stool', '✔️', 'ተጣጣፊ', 'ወንበር', '✔️', 'እስከ', '100kg', 'ክብደት', 'የሚሸከም', '✔️', 'ከወፍራም', 'ፕላስቲክ', 'የተሰራ', '✔️', 'ቤተ', 'ዕምነት', 'ውስጥ', 'ቤት', 'ውስጥ', 'ስራ', 'ቦታ', 'እና', 'መዝናኛ', 'ቦታ', 'ይገለገሉበታል', '✔️48cm', 'ቁመት', 'ሲኖረው', '✔️መቀመጫው', '22cm×28cm', 'ስፋት', 'ያለው', '✔️', 'ለመያዝና', 'ለማስቀመጥ', 'የሚመች', 'ቅልጥፋ', 'ያለ', 'ዋጋትልቁ1700', 'ብር', 'ትንሹ1500ብር', 'ውስን', 'ፍሬ', 'ነው', 'ያለው', '🏢', 'አድራሻ', 'ቁ1', '👉', 'መገናኛ', 'ታሜ', 'ጋስ', 'ህንፃ', 'ጎን', 'ስሪ', 'ኤም', 'ሲቲ', 'ሞል', 'ሁለተኛ', 'ፎቅ', 'ቢሮ', 'ቁ', 'sl05aከ', 'ሊፍቱ', 'ፊት', 'ለ', 'ፊት', '📍ቁ2', '👉ለቡ', 'መዳህኒዓለም', 'ቤተክርስቲያን', '100ሜ', 'ወደ', 'ሙዚቃ', 'ቤት', 'ከፍ', 'ብሎ', 'ዛምሞል', '2ኛ', 'ፎቅ', 'ቢሮቁ', '214', '📲', '<', 'phone', '>', '📲', '<', 'phone', '>', '👍ለቡ', 'ቅርንጫፍ📲', '<', 'phone', '>', '🔖', '💬', 'በtelegram', 'ለማዘዝ', '⤵️', 'ይጠቀሙ', 'shageronlinestore', 'ለተጨማሪ', 'ማብራሪያ', 'የቴሌግራም', 'ገፃችን⤵️', '<', 'url', '>']",data/images\7343.jpg,
7342,2025-06-14 06:32:45+00:00,,"🌀🌀🛒 Multifunction  Juice Extractor: 

💥 🍎🍉🍒🍐🌽🍊ለአፕል ብርቱካን፣ ካሮት፣ አናናስ፣ ቲማቲም… የመሳሰሉትን እየጨመቀ ቆሻሻውን ፡ ለብቻ፡ እያጣራ፡ ውሃውን እየጨመቀ፡ ወደራሱ ጆክ የሚቀዳ፤ 
🧳 የፍራፍሬ፤


     ዋጋ፦ ✅  5,500 ብር

ውስን ፍሬ ነው የቀረው 🔥

🏢 አድራሻ ቁ.1 👉 መገናኛ ታሜ ጋስ ህንፃ ጎን ስሪ ኤም ሲቲ ሞል  ሁለተኛ ፎቅ ቢሮ ቁ. SL-05A(ከ ሊፍቱ ፊት ለ ፊት)

📍ቁ.2 👉ለቡ  መዳህኒዓለም ቤተ/ክርስቲያን 100ሜ ወደ ሙዚቃ ቤት ከፍ ብሎ  #ዛም_ሞል 2ኛ ፎቅ ቢሮ.ቁ 214


    📲 0909522840
    📲 0923350054

👍ለቡ ቅርንጫፍ📲0973611819


🔖
💬  በTelegram ለማዘዝ ⤵️ ይጠቀሙ
@shager_onlinestore
  
ለተጨማሪ ማብራሪያ የቴሌግራም ገፃችን⤵️
https://t.me/Shageronlinestore",🌀🌀🛒 multifunction juice extractor 💥 🍎🍉🍒🍐🌽🍊ለአፕል ብርቱካን ካሮት አናናስ ቲማቲም የመሳሰሉትን እየጨመቀ ቆሻሻውን ለብቻ እያጣራ ውሃውን እየጨመቀ ወደራሱ ጆክ የሚቀዳ 🧳 የፍራፍሬ ዋጋ ✅ 5500 ብር ውስን ፍሬ ነው የቀረው 🔥 🏢 አድራሻ ቁ1 👉 መገናኛ ታሜ ጋስ ህንፃ ጎን ስሪ ኤም ሲቲ ሞል ሁለተኛ ፎቅ ቢሮ ቁ sl05aከ ሊፍቱ ፊት ለ ፊት 📍ቁ2 👉ለቡ መዳህኒዓለም ቤተክርስቲያን 100ሜ ወደ ሙዚቃ ቤት ከፍ ብሎ ዛምሞል 2ኛ ፎቅ ቢሮቁ 214 📲 <phone> 📲 <phone> 👍ለቡ ቅርንጫፍ📲<phone> 🔖 💬 በtelegram ለማዘዝ ⤵️ ይጠቀሙ shageronlinestore ለተጨማሪ ማብራሪያ የቴሌግራም ገፃችን⤵️ <url>,"['🌀🌀🛒', 'multifunction', 'juice', 'extractor', '💥', '🍎🍉🍒🍐🌽🍊ለአፕል', 'ብርቱካን', 'ካሮት', 'አናናስ', 'ቲማቲም', 'የመሳሰሉትን', 'እየጨመቀ', 'ቆሻሻውን', 'ለብቻ', 'እያጣራ', 'ውሃውን', 'እየጨመቀ', 'ወደራሱ', 'ጆክ', 'የሚቀዳ', '🧳', 'የፍራፍሬ', 'ዋጋ', '✅', '5500', 'ብር', 'ውስን', 'ፍሬ', 'ነው', 'የቀረው', '🔥', '🏢', 'አድራሻ', 'ቁ1', '👉', 'መገናኛ', 'ታሜ', 'ጋስ', 'ህንፃ', 'ጎን', 'ስሪ', 'ኤም', 'ሲቲ', 'ሞል', 'ሁለተኛ', 'ፎቅ', 'ቢሮ', 'ቁ', 'sl05aከ', 'ሊፍቱ', 'ፊት', 'ለ', 'ፊት', '📍ቁ2', '👉ለቡ', 'መዳህኒዓለም', 'ቤተክርስቲያን', '100ሜ', 'ወደ', 'ሙዚቃ', 'ቤት', 'ከፍ', 'ብሎ', 'ዛምሞል', '2ኛ', 'ፎቅ', 'ቢሮቁ', '214', '📲', '<', 'phone', '>', '📲', '<', 'phone', '>', '👍ለቡ', 'ቅርንጫፍ📲', '<', 'phone', '>', '🔖', '💬', 'በtelegram', 'ለማዘዝ', '⤵️', 'ይጠቀሙ', 'shageronlinestore', 'ለተጨማሪ', 'ማብራሪያ', 'የቴሌግራም', 'ገፃችን⤵️', '<', 'url', '>']",,data/documents\7342.dat
7339,2025-06-14 06:32:45+00:00,,"🌀🌀🛒 Multifunction  Juice Extractor: 

💥 🍎🍉🍒🍐🌽🍊ለአፕል ብርቱካን፣ ካሮት፣ አናናስ፣ ቲማቲም… የመሳሰሉትን እየጨመቀ ቆሻሻውን ፡ ለብቻ፡ እያጣራ፡ ውሃውን እየጨመቀ፡ ወደራሱ ጆክ የሚቀዳ፤ 
🧳 የፍራፍሬ፤


     ዋጋ፦ ✅  5,500 ብር

ውስን ፍሬ ነው የቀረው 🔥

🏢 አድራሻ ቁ.1 👉 መገናኛ ታሜ ጋስ ህንፃ ጎን ስሪ ኤም ሲቲ ሞል  ሁለተኛ ፎቅ ቢሮ ቁ. SL-05A(ከ ሊፍቱ ፊት ለ ፊት)

📍ቁ.2 👉ለቡ  መዳህኒዓለም ቤተ/ክርስቲያን 100ሜ ወደ ሙዚቃ ቤት ከፍ ብሎ  #ዛም_ሞል 2ኛ ፎቅ ቢሮ.ቁ 214


    📲 0909522840
    📲 0923350054

👍ለቡ ቅርንጫፍ📲0973611819


🔖
💬  በTelegram ለማዘዝ ⤵️ ይጠቀሙ
@shager_onlinestore
  
ለተጨማሪ ማብራሪያ የቴሌግራም ገፃችን⤵️
https://t.me/Shageronlinestore",🌀🌀🛒 multifunction juice extractor 💥 🍎🍉🍒🍐🌽🍊ለአፕል ብርቱካን ካሮት አናናስ ቲማቲም የመሳሰሉትን እየጨመቀ ቆሻሻውን ለብቻ እያጣራ ውሃውን እየጨመቀ ወደራሱ ጆክ የሚቀዳ 🧳 የፍራፍሬ ዋጋ ✅ 5500 ብር ውስን ፍሬ ነው የቀረው 🔥 🏢 አድራሻ ቁ1 👉 መገናኛ ታሜ ጋስ ህንፃ ጎን ስሪ ኤም ሲቲ ሞል ሁለተኛ ፎቅ ቢሮ ቁ sl05aከ ሊፍቱ ፊት ለ ፊት 📍ቁ2 👉ለቡ መዳህኒዓለም ቤተክርስቲያን 100ሜ ወደ ሙዚቃ ቤት ከፍ ብሎ ዛምሞል 2ኛ ፎቅ ቢሮቁ 214 📲 <phone> 📲 <phone> 👍ለቡ ቅርንጫፍ📲<phone> 🔖 💬 በtelegram ለማዘዝ ⤵️ ይጠቀሙ shageronlinestore ለተጨማሪ ማብራሪያ የቴሌግራም ገፃችን⤵️ <url>,"['🌀🌀🛒', 'multifunction', 'juice', 'extractor', '💥', '🍎🍉🍒🍐🌽🍊ለአፕል', 'ብርቱካን', 'ካሮት', 'አናናስ', 'ቲማቲም', 'የመሳሰሉትን', 'እየጨመቀ', 'ቆሻሻውን', 'ለብቻ', 'እያጣራ', 'ውሃውን', 'እየጨመቀ', 'ወደራሱ', 'ጆክ', 'የሚቀዳ', '🧳', 'የፍራፍሬ', 'ዋጋ', '✅', '5500', 'ብር', 'ውስን', 'ፍሬ', 'ነው', 'የቀረው', '🔥', '🏢', 'አድራሻ', 'ቁ1', '👉', 'መገናኛ', 'ታሜ', 'ጋስ', 'ህንፃ', 'ጎን', 'ስሪ', 'ኤም', 'ሲቲ', 'ሞል', 'ሁለተኛ', 'ፎቅ', 'ቢሮ', 'ቁ', 'sl05aከ', 'ሊፍቱ', 'ፊት', 'ለ', 'ፊት', '📍ቁ2', '👉ለቡ', 'መዳህኒዓለም', 'ቤተክርስቲያን', '100ሜ', 'ወደ', 'ሙዚቃ', 'ቤት', 'ከፍ', 'ብሎ', 'ዛምሞል', '2ኛ', 'ፎቅ', 'ቢሮቁ', '214', '📲', '<', 'phone', '>', '📲', '<', 'phone', '>', '👍ለቡ', 'ቅርንጫፍ📲', '<', 'phone', '>', '🔖', '💬', 'በtelegram', 'ለማዘዝ', '⤵️', 'ይጠቀሙ', 'shageronlinestore', 'ለተጨማሪ', 'ማብራሪያ', 'የቴሌግራም', 'ገፃችን⤵️', '<', 'url', '>']",data/images\7339.jpg,
7336,2025-06-13 16:23:26+00:00,,"💥1pc stainless steel loaf pan

👍ትልቁ

         ዋጋ:-ትልቁ:-1,000ብር✅

❌ውስን ፍሬ ነው ያለው

🏢 አድራሻ  ቁ.1👉 ስሪ ኤም ሲቲ ሞል  ሁለተኛ ፎቅ ቢሮ ቁ. SL-05A(ከ ሊፍቱ ፊት ለ ፊት)

📍ቁ.2 👉ለቡ  መዳህኒዓለም ቤተ/ክርስቲያን ፊት ለፊት  #ዛም_ሞል 2ኛ ፎቅ ቢሮ ቁጥር.214

👍ለቡ ቅርንጫፍ📲0973611819

    📲 0909522840
    📲 0923350054

🔖
💬  በTelegram ለማዘዝ ⤵️ ይጠቀሙ
@shager_onlinestore
  
ለተጨማሪ ማብራሪያ የቴሌግራም ገፃችን⤵️
https://t.me/Shageronlinestore",💥1pc stainless steel loaf pan 👍ትልቁ ዋጋትልቁ1000ብር✅ ❌ውስን ፍሬ ነው ያለው 🏢 አድራሻ ቁ1👉 ስሪ ኤም ሲቲ ሞል ሁለተኛ ፎቅ ቢሮ ቁ sl05aከ ሊፍቱ ፊት ለ ፊት 📍ቁ2 👉ለቡ መዳህኒዓለም ቤተክርስቲያን ፊት ለፊት ዛምሞል 2ኛ ፎቅ ቢሮ ቁጥር214 👍ለቡ ቅርንጫፍ📲<phone> 📲 <phone> 📲 <phone> 🔖 💬 በtelegram ለማዘዝ ⤵️ ይጠቀሙ shageronlinestore ለተጨማሪ ማብራሪያ የቴሌግራም ገፃችን⤵️ <url>,"['💥1pc', 'stainless', 'steel', 'loaf', 'pan', '👍ትልቁ', 'ዋጋትልቁ1000ብር✅', '❌ውስን', 'ፍሬ', 'ነው', 'ያለው', '🏢', 'አድራሻ', 'ቁ1👉', 'ስሪ', 'ኤም', 'ሲቲ', 'ሞል', 'ሁለተኛ', 'ፎቅ', 'ቢሮ', 'ቁ', 'sl05aከ', 'ሊፍቱ', 'ፊት', 'ለ', 'ፊት', '📍ቁ2', '👉ለቡ', 'መዳህኒዓለም', 'ቤተክርስቲያን', 'ፊት', 'ለፊት', 'ዛምሞል', '2ኛ', 'ፎቅ', 'ቢሮ', 'ቁጥር214', '👍ለቡ', 'ቅርንጫፍ📲', '<', 'phone', '>', '📲', '<', 'phone', '>', '📲', '<', 'phone', '>', '🔖', '💬', 'በtelegram', 'ለማዘዝ', '⤵️', 'ይጠቀሙ', 'shageronlinestore', 'ለተጨማሪ', 'ማብራሪያ', 'የቴሌግራም', 'ገፃችን⤵️', '<', 'url', '>']",data/images\7336.jpg,
7332,2025-06-13 11:27:57+00:00,,"💥Infantino Cuddle Up Ergonomic Baby Carrier

👉Carries children from 12-40lbs (5.4 - 18.1 kgs)
👉Comfortable, ergonomic seat for baby
👉2 ways to carry: Front and Backpack
👉Removable canopy hood with adorable teddy bear styling
👉Machine washable


    ዋጋ💵፦  💰3,200 ብር

🏢 አድራሻ ቁ.1 👉 መገናኛ ታሜ ጋስ ህንፃ ጎን ስሪ ኤም ሲቲ ሞል  ሁለተኛ ፎቅ ቢሮ ቁ. SL-05A(ከ ሊፍቱ ፊት ለ ፊት)

📍ቁ.2 👉ለቡ  መዳህኒዓለም ቤተ/ክርስቲያን ፊት ለፊት  #ዛም_ሞል 2ኛ ፎቅ ቢሮ ቁጥር.214


    📲 0909522840
    📲 0923350054

👍ለቡ ቅርንጫፍ📲0973611819

🔖
💬  በTelegram ለማዘዝ ⤵️ ይጠቀሙ
@shager_onlinestore
  
ለተጨማሪ ማብራሪያ የቴሌግራም ገፃችን⤵️
https://t.me/Shageronlinestore",💥infantino cuddle up ergonomic baby carrier 👉carries children from 1240lbs 54 181 kgs 👉comfortable ergonomic seat for baby 👉2 ways to carry front and backpack 👉removable canopy hood with adorable teddy bear styling 👉machine washable ዋጋ💵 💰3200 ብር 🏢 አድራሻ ቁ1 👉 መገናኛ ታሜ ጋስ ህንፃ ጎን ስሪ ኤም ሲቲ ሞል ሁለተኛ ፎቅ ቢሮ ቁ sl05aከ ሊፍቱ ፊት ለ ፊት 📍ቁ2 👉ለቡ መዳህኒዓለም ቤተክርስቲያን ፊት ለፊት ዛምሞል 2ኛ ፎቅ ቢሮ ቁጥር214 📲 <phone> 📲 <phone> 👍ለቡ ቅርንጫፍ📲<phone> 🔖 💬 በtelegram ለማዘዝ ⤵️ ይጠቀሙ shageronlinestore ለተጨማሪ ማብራሪያ የቴሌግራም ገፃችን⤵️ <url>,"['💥infantino', 'cuddle', 'up', 'ergonomic', 'baby', 'carrier', '👉carries', 'children', 'from', '1240lbs', '54', '181', 'kgs', '👉comfortable', 'ergonomic', 'seat', 'for', 'baby', '👉2', 'ways', 'to', 'carry', 'front', 'and', 'backpack', '👉removable', 'canopy', 'hood', 'with', 'adorable', 'teddy', 'bear', 'styling', '👉machine', 'washable', 'ዋጋ💵', '💰3200', 'ብር', '🏢', 'አድራሻ', 'ቁ1', '👉', 'መገናኛ', 'ታሜ', 'ጋስ', 'ህንፃ', 'ጎን', 'ስሪ', 'ኤም', 'ሲቲ', 'ሞል', 'ሁለተኛ', 'ፎቅ', 'ቢሮ', 'ቁ', 'sl05aከ', 'ሊፍቱ', 'ፊት', 'ለ', 'ፊት', '📍ቁ2', '👉ለቡ', 'መዳህኒዓለም', 'ቤተክርስቲያን', 'ፊት', 'ለፊት', 'ዛምሞል', '2ኛ', 'ፎቅ', 'ቢሮ', 'ቁጥር214', '📲', '<', 'phone', '>', '📲', '<', 'phone', '>', '👍ለቡ', 'ቅርንጫፍ📲', '<', 'phone', '>', '🔖', '💬', 'በtelegram', 'ለማዘዝ', '⤵️', 'ይጠቀሙ', 'shageronlinestore', 'ለተጨማሪ', 'ማብራሪያ', 'የቴሌግራም', 'ገፃችን⤵️', '<', 'url', '>']",data/images\7332.jpg,
7329,2025-06-13 06:21:44+00:00,,"💥Expanding Cookware Organiser

👉minimum size 30.5cm
👉Maximum size 56cm

         ዋጋ፦ 850 ብር

♦️ውስን ፍሬ ነው ያለው 🔥🔥🔥

🏢 አድራሻ  👉 መገናኛ ስሪ ኤም ሲቲ ሞል  ሁለተኛ ፎቅ ቢሮ ቁ. SL-05A(ከ ሊፍቱ ፊት ለ ፊት)

    📍ቁ.2 👉ለቡ  መዳህኒዓለም ቤተ/ክርስቲያን 100ሜ ወደ ሙዚቃ ቤት ከፍ ብሎ  #ዛም_ሞል 2ኛ ፎቅ ቢሮ.ቁ 214


    📲 0909522840
    📲 0923350054

👍ለቡ ቅርንጫፍ📲0973611819


🔖
💬  በTelegram ለማዘዝ ⤵️ ይጠቀሙ
@shager_onlinestore
  
ለተጨማሪ ማብራሪያ የቴሌግራም ገፃችን⤵️
https://t.me/Shageronlinestore",💥expanding cookware organiser 👉minimum size 305cm 👉maximum size 56cm ዋጋ 850 ብር ♦️ውስን ፍሬ ነው ያለው 🔥🔥🔥 🏢 አድራሻ 👉 መገናኛ ስሪ ኤም ሲቲ ሞል ሁለተኛ ፎቅ ቢሮ ቁ sl05aከ ሊፍቱ ፊት ለ ፊት 📍ቁ2 👉ለቡ መዳህኒዓለም ቤተክርስቲያን 100ሜ ወደ ሙዚቃ ቤት ከፍ ብሎ ዛምሞል 2ኛ ፎቅ ቢሮቁ 214 📲 <phone> 📲 <phone> 👍ለቡ ቅርንጫፍ📲<phone> 🔖 💬 በtelegram ለማዘዝ ⤵️ ይጠቀሙ shageronlinestore ለተጨማሪ ማብራሪያ የቴሌግራም ገፃችን⤵️ <url>,"['💥expanding', 'cookware', 'organiser', '👉minimum', 'size', '305cm', '👉maximum', 'size', '56cm', 'ዋጋ', '850', 'ብር', '♦️ውስን', 'ፍሬ', 'ነው', 'ያለው', '🔥🔥🔥', '🏢', 'አድራሻ', '👉', 'መገናኛ', 'ስሪ', 'ኤም', 'ሲቲ', 'ሞል', 'ሁለተኛ', 'ፎቅ', 'ቢሮ', 'ቁ', 'sl05aከ', 'ሊፍቱ', 'ፊት', 'ለ', 'ፊት', '📍ቁ2', '👉ለቡ', 'መዳህኒዓለም', 'ቤተክርስቲያን', '100ሜ', 'ወደ', 'ሙዚቃ', 'ቤት', 'ከፍ', 'ብሎ', 'ዛምሞል', '2ኛ', 'ፎቅ', 'ቢሮቁ', '214', '📲', '<', 'phone', '>', '📲', '<', 'phone', '>', '👍ለቡ', 'ቅርንጫፍ📲', '<', 'phone', '>', '🔖', '💬', 'በtelegram', 'ለማዘዝ', '⤵️', 'ይጠቀሙ', 'shageronlinestore', 'ለተጨማሪ', 'ማብራሪያ', 'የቴሌግራም', 'ገፃችን⤵️', '<', 'url', '>']",data/images\7329.jpg,
7328,2025-06-12 16:28:32+00:00,,"💥Garlic press Chopper

🔰Kitchen ginger garlic press.Quick grinding.Saving you time.
🔰Manual extrusion and grinding.
🔰Stainless steel material.Food grade safety material.Durable and easy to clean.
🔰Curved plastic handle.Comfortable to use.

ዋጋ፦  💰🏷 350 ብር

📍ውስን ፍሬ ነው ያለን/ Limited Stock

❌ዉስን ፍሬ ነው ያለን❌

🏢 አድራሻ ቁ.1 👉 መገናኛ ታሜ ጋስ ህንፃ ጎን ስሪ ኤም ሲቲ ሞል  ሁለተኛ ፎቅ ቢሮ ቁ. SL-05A(ከ ሊፍቱ ፊት ለ ፊት)

📍ቁ.2 👉ለቡ  መዳህኒዓለም ቤተ/ክርስቲያን 100ሜ ወደ ሙዚቃ ቤት ከፍ ብሎ  #ዛም_ሞል 2ኛ ፎቅ ቢሮ.ቁ 214


    📲 0909522840
    📲 0923350054

👍ለቡ ቅርንጫፍ📲0973611819


🔖
💬  በTelegram ለማዘዝ ⤵️ ይጠቀሙ
@shager_onlinestore
  
ለተጨማሪ ማብራሪያ የቴሌግራም ገፃችን⤵️
https://t.me/Shageronlinestore",💥garlic press chopper 🔰kitchen ginger garlic pressquick grindingsaving you time 🔰manual extrusion and grinding 🔰stainless steel materialfood grade safety materialdurable and easy to clean 🔰curved plastic handlecomfortable to use ዋጋ 💰🏷 350 ብር 📍ውስን ፍሬ ነው ያለን limited stock ❌ዉስን ፍሬ ነው ያለን❌ 🏢 አድራሻ ቁ1 👉 መገናኛ ታሜ ጋስ ህንፃ ጎን ስሪ ኤም ሲቲ ሞል ሁለተኛ ፎቅ ቢሮ ቁ sl05aከ ሊፍቱ ፊት ለ ፊት 📍ቁ2 👉ለቡ መዳህኒዓለም ቤተክርስቲያን 100ሜ ወደ ሙዚቃ ቤት ከፍ ብሎ ዛምሞል 2ኛ ፎቅ ቢሮቁ 214 📲 <phone> 📲 <phone> 👍ለቡ ቅርንጫፍ📲<phone> 🔖 💬 በtelegram ለማዘዝ ⤵️ ይጠቀሙ shageronlinestore ለተጨማሪ ማብራሪያ የቴሌግራም ገፃችን⤵️ <url>,"['💥garlic', 'press', 'chopper', '🔰kitchen', 'ginger', 'garlic', 'pressquick', 'grindingsaving', 'you', 'time', '🔰manual', 'extrusion', 'and', 'grinding', '🔰stainless', 'steel', 'materialfood', 'grade', 'safety', 'materialdurable', 'and', 'easy', 'to', 'clean', '🔰curved', 'plastic', 'handlecomfortable', 'to', 'use', 'ዋጋ', '💰🏷', '350', 'ብር', '📍ውስን', 'ፍሬ', 'ነው', 'ያለን', 'limited', 'stock', '❌ዉስን', 'ፍሬ', 'ነው', 'ያለን❌', '🏢', 'አድራሻ', 'ቁ1', '👉', 'መገናኛ', 'ታሜ', 'ጋስ', 'ህንፃ', 'ጎን', 'ስሪ', 'ኤም', 'ሲቲ', 'ሞል', 'ሁለተኛ', 'ፎቅ', 'ቢሮ', 'ቁ', 'sl05aከ', 'ሊፍቱ', 'ፊት', 'ለ', 'ፊት', '📍ቁ2', '👉ለቡ', 'መዳህኒዓለም', 'ቤተክርስቲያን', '100ሜ', 'ወደ', 'ሙዚቃ', 'ቤት', 'ከፍ', 'ብሎ', 'ዛምሞል', '2ኛ', 'ፎቅ', 'ቢሮቁ', '214', '📲', '<', 'phone', '>', '📲', '<', 'phone', '>', '👍ለቡ', 'ቅርንጫፍ📲', '<', 'phone', '>', '🔖', '💬', 'በtelegram', 'ለማዘዝ', '⤵️', 'ይጠቀሙ', 'shageronlinestore', 'ለተጨማሪ', 'ማብራሪያ', 'የቴሌግራም', 'ገፃችን⤵️', '<', 'url', '>']",,data/documents\7328.dat
7323,2025-06-12 10:24:36+00:00,,"👠36 pairs over the door shoe rack👞👢👟

👉 በቀላሉ የሚገጣጠም የሚነቃቀል
👉ኑሮን የሚያቀል
👉ቦታ የማይዝ 
👉ለአጠቃቀም በጣም ቀላል
👉ባለ 12 መደርደሪያ 
👉36 ጫማ የሚይዝ በር ላይ ተንጠልጣይ


Size 50*20*183cm

         ዋጋ:-3,100 ብር

📍ውስን ፍሬ ነው ያለን/ Limited Stock

🏢 አድራሻ ቁ.1 👉 መገናኛ ታሜ ጋስ ህንፃ ጎን ስሪ ኤም ሲቲ ሞል  ሁለተኛ ፎቅ ቢሮ ቁ. SL-05A(ከ ሊፍቱ ፊት ለ ፊት)

📍ቁ.2 👉ለቡ  መዳህኒዓለም ቤተ/ክርስቲያን 100ሜ ወደ ሙዚቃ ቤት ከፍ ብሎ  #ዛም_ሞል 2ኛ ፎቅ ቢሮ.ቁ 214


    📲 0909522840
    📲 0923350054

👍ለቡ ቅርንጫፍ📲0973611819


🔖
💬  በTelegram ለማዘዝ ⤵️ ይጠቀሙ
@shager_onlinestore
  
ለተጨማሪ ማብራሪያ የቴሌግራም ገፃችን⤵️
https://t.me/Shageronlinestore
 ",👠36 pairs over the door shoe rack👞👢👟 👉 በቀላሉ የሚገጣጠም የሚነቃቀል 👉ኑሮን የሚያቀል 👉ቦታ የማይዝ 👉ለአጠቃቀም በጣም ቀላል 👉ባለ 12 መደርደሪያ 👉36 ጫማ የሚይዝ በር ላይ ተንጠልጣይ size 5020183cm ዋጋ3100 ብር 📍ውስን ፍሬ ነው ያለን limited stock 🏢 አድራሻ ቁ1 👉 መገናኛ ታሜ ጋስ ህንፃ ጎን ስሪ ኤም ሲቲ ሞል ሁለተኛ ፎቅ ቢሮ ቁ sl05aከ ሊፍቱ ፊት ለ ፊት 📍ቁ2 👉ለቡ መዳህኒዓለም ቤተክርስቲያን 100ሜ ወደ ሙዚቃ ቤት ከፍ ብሎ ዛምሞል 2ኛ ፎቅ ቢሮቁ 214 📲 <phone> 📲 <phone> 👍ለቡ ቅርንጫፍ📲<phone> 🔖 💬 በtelegram ለማዘዝ ⤵️ ይጠቀሙ shageronlinestore ለተጨማሪ ማብራሪያ የቴሌግራም ገፃችን⤵️ <url>,"['👠36', 'pairs', 'over', 'the', 'door', 'shoe', 'rack👞👢👟', '👉', 'በቀላሉ', 'የሚገጣጠም', 'የሚነቃቀል', '👉ኑሮን', 'የሚያቀል', '👉ቦታ', 'የማይዝ', '👉ለአጠቃቀም', 'በጣም', 'ቀላል', '👉ባለ', '12', 'መደርደሪያ', '👉36', 'ጫማ', 'የሚይዝ', 'በር', 'ላይ', 'ተንጠልጣይ', 'size', '5020183cm', 'ዋጋ3100', 'ብር', '📍ውስን', 'ፍሬ', 'ነው', 'ያለን', 'limited', 'stock', '🏢', 'አድራሻ', 'ቁ1', '👉', 'መገናኛ', 'ታሜ', 'ጋስ', 'ህንፃ', 'ጎን', 'ስሪ', 'ኤም', 'ሲቲ', 'ሞል', 'ሁለተኛ', 'ፎቅ', 'ቢሮ', 'ቁ', 'sl05aከ', 'ሊፍቱ', 'ፊት', 'ለ', 'ፊት', '📍ቁ2', '👉ለቡ', 'መዳህኒዓለም', 'ቤተክርስቲያን', '100ሜ', 'ወደ', 'ሙዚቃ', 'ቤት', 'ከፍ', 'ብሎ', 'ዛምሞል', '2ኛ', 'ፎቅ', 'ቢሮቁ', '214', '📲', '<', 'phone', '>', '📲', '<', 'phone', '>', '👍ለቡ', 'ቅርንጫፍ📲', '<', 'phone', '>', '🔖', '💬', 'በtelegram', 'ለማዘዝ', '⤵️', 'ይጠቀሙ', 'shageronlinestore', 'ለተጨማሪ', 'ማብራሪያ', 'የቴሌግራም', 'ገፃችን⤵️', '<', 'url', '>']",data/images\7323.jpg,
7322,2025-06-12 10:24:35+00:00,,"👠36 pairs over the door shoe rack👞👢👟

👉 በቀላሉ የሚገጣጠም የሚነቃቀል
👉ኑሮን የሚያቀል
👉ቦታ የማይዝ 
👉ለአጠቃቀም በጣም ቀላል
👉ባለ 12 መደርደሪያ 
👉36 ጫማ የሚይዝ በር ላይ ተንጠልጣይ


Size 50*20*183cm

         ዋጋ:-3,100 ብር

📍ውስን ፍሬ ነው ያለን/ Limited Stock

🏢 አድራሻ ቁ.1 👉 መገናኛ ታሜ ጋስ ህንፃ ጎን ስሪ ኤም ሲቲ ሞል  ሁለተኛ ፎቅ ቢሮ ቁ. SL-05A(ከ ሊፍቱ ፊት ለ ፊት)

📍ቁ.2 👉ለቡ  መዳህኒዓለም ቤተ/ክርስቲያን 100ሜ ወደ ሙዚቃ ቤት ከፍ ብሎ  #ዛም_ሞል 2ኛ ፎቅ ቢሮ.ቁ 214


    📲 0909522840
    📲 0923350054

👍ለቡ ቅርንጫፍ📲0973611819


🔖
💬  በTelegram ለማዘዝ ⤵️ ይጠቀሙ
@shager_onlinestore
  
ለተጨማሪ ማብራሪያ የቴሌግራም ገፃችን⤵️
https://t.me/Shageronlinestore
 ",👠36 pairs over the door shoe rack👞👢👟 👉 በቀላሉ የሚገጣጠም የሚነቃቀል 👉ኑሮን የሚያቀል 👉ቦታ የማይዝ 👉ለአጠቃቀም በጣም ቀላል 👉ባለ 12 መደርደሪያ 👉36 ጫማ የሚይዝ በር ላይ ተንጠልጣይ size 5020183cm ዋጋ3100 ብር 📍ውስን ፍሬ ነው ያለን limited stock 🏢 አድራሻ ቁ1 👉 መገናኛ ታሜ ጋስ ህንፃ ጎን ስሪ ኤም ሲቲ ሞል ሁለተኛ ፎቅ ቢሮ ቁ sl05aከ ሊፍቱ ፊት ለ ፊት 📍ቁ2 👉ለቡ መዳህኒዓለም ቤተክርስቲያን 100ሜ ወደ ሙዚቃ ቤት ከፍ ብሎ ዛምሞል 2ኛ ፎቅ ቢሮቁ 214 📲 <phone> 📲 <phone> 👍ለቡ ቅርንጫፍ📲<phone> 🔖 💬 በtelegram ለማዘዝ ⤵️ ይጠቀሙ shageronlinestore ለተጨማሪ ማብራሪያ የቴሌግራም ገፃችን⤵️ <url>,"['👠36', 'pairs', 'over', 'the', 'door', 'shoe', 'rack👞👢👟', '👉', 'በቀላሉ', 'የሚገጣጠም', 'የሚነቃቀል', '👉ኑሮን', 'የሚያቀል', '👉ቦታ', 'የማይዝ', '👉ለአጠቃቀም', 'በጣም', 'ቀላል', '👉ባለ', '12', 'መደርደሪያ', '👉36', 'ጫማ', 'የሚይዝ', 'በር', 'ላይ', 'ተንጠልጣይ', 'size', '5020183cm', 'ዋጋ3100', 'ብር', '📍ውስን', 'ፍሬ', 'ነው', 'ያለን', 'limited', 'stock', '🏢', 'አድራሻ', 'ቁ1', '👉', 'መገናኛ', 'ታሜ', 'ጋስ', 'ህንፃ', 'ጎን', 'ስሪ', 'ኤም', 'ሲቲ', 'ሞል', 'ሁለተኛ', 'ፎቅ', 'ቢሮ', 'ቁ', 'sl05aከ', 'ሊፍቱ', 'ፊት', 'ለ', 'ፊት', '📍ቁ2', '👉ለቡ', 'መዳህኒዓለም', 'ቤተክርስቲያን', '100ሜ', 'ወደ', 'ሙዚቃ', 'ቤት', 'ከፍ', 'ብሎ', 'ዛምሞል', '2ኛ', 'ፎቅ', 'ቢሮቁ', '214', '📲', '<', 'phone', '>', '📲', '<', 'phone', '>', '👍ለቡ', 'ቅርንጫፍ📲', '<', 'phone', '>', '🔖', '💬', 'በtelegram', 'ለማዘዝ', '⤵️', 'ይጠቀሙ', 'shageronlinestore', 'ለተጨማሪ', 'ማብራሪያ', 'የቴሌግራም', 'ገፃችን⤵️', '<', 'url', '>']",,data/documents\7322.dat
7321,2025-06-12 08:36:47+00:00,,"☀Rechargeable Breast Pump

✨BPA Free

👋portable

     ዋጋ፦  2,100 ብር

🏢 አድራሻ ቁ.1 👉 መገናኛ ታሜ ጋስ ህንፃ ጎን ስሪ ኤም ሲቲ ሞል  ሁለተኛ ፎቅ ቢሮ ቁ. SL-05A(ከ ሊፍቱ ፊት ለ ፊት)

📍ቁ.2 👉ለቡ  መዳህኒዓለም ቤተ/ክርስቲያን ፊት ለፊት  #ዛም_ሞል 2ኛ ፎቅ ቢሮ ቁጥር.214


    📲 0909522840
    📲 0923350054

👍ለቡ ቅርንጫፍ📲0973611819

🔖
💬  በTelegram ለማዘዝ ⤵️ ይጠቀሙ
@shager_onlinestore
  
ለተጨማሪ ማብራሪያ የቴሌግራም ገፃችን⤵️
https://t.me/Shageronlinestore",☀rechargeable breast pump ✨bpa free 👋portable ዋጋ 2100 ብር 🏢 አድራሻ ቁ1 👉 መገናኛ ታሜ ጋስ ህንፃ ጎን ስሪ ኤም ሲቲ ሞል ሁለተኛ ፎቅ ቢሮ ቁ sl05aከ ሊፍቱ ፊት ለ ፊት 📍ቁ2 👉ለቡ መዳህኒዓለም ቤተክርስቲያን ፊት ለፊት ዛምሞል 2ኛ ፎቅ ቢሮ ቁጥር214 📲 <phone> 📲 <phone> 👍ለቡ ቅርንጫፍ📲<phone> 🔖 💬 በtelegram ለማዘዝ ⤵️ ይጠቀሙ shageronlinestore ለተጨማሪ ማብራሪያ የቴሌግራም ገፃችን⤵️ <url>,"['☀rechargeable', 'breast', 'pump', '✨bpa', 'free', '👋portable', 'ዋጋ', '2100', 'ብር', '🏢', 'አድራሻ', 'ቁ1', '👉', 'መገናኛ', 'ታሜ', 'ጋስ', 'ህንፃ', 'ጎን', 'ስሪ', 'ኤም', 'ሲቲ', 'ሞል', 'ሁለተኛ', 'ፎቅ', 'ቢሮ', 'ቁ', 'sl05aከ', 'ሊፍቱ', 'ፊት', 'ለ', 'ፊት', '📍ቁ2', '👉ለቡ', 'መዳህኒዓለም', 'ቤተክርስቲያን', 'ፊት', 'ለፊት', 'ዛምሞል', '2ኛ', 'ፎቅ', 'ቢሮ', 'ቁጥር214', '📲', '<', 'phone', '>', '📲', '<', 'phone', '>', '👍ለቡ', 'ቅርንጫፍ📲', '<', 'phone', '>', '🔖', '💬', 'በtelegram', 'ለማዘዝ', '⤵️', 'ይጠቀሙ', 'shageronlinestore', 'ለተጨማሪ', 'ማብራሪያ', 'የቴሌግራም', 'ገፃችን⤵️', '<', 'url', '>']",,data/documents\7321.dat
7316,2025-06-12 08:36:47+00:00,,"☀Rechargeable Breast Pump

✨BPA Free

👋portable

     ዋጋ፦  2,100 ብር

🏢 አድራሻ ቁ.1 👉 መገናኛ ታሜ ጋስ ህንፃ ጎን ስሪ ኤም ሲቲ ሞል  ሁለተኛ ፎቅ ቢሮ ቁ. SL-05A(ከ ሊፍቱ ፊት ለ ፊት)

📍ቁ.2 👉ለቡ  መዳህኒዓለም ቤተ/ክርስቲያን ፊት ለፊት  #ዛም_ሞል 2ኛ ፎቅ ቢሮ ቁጥር.214


    📲 0909522840
    📲 0923350054

👍ለቡ ቅርንጫፍ📲0973611819

🔖
💬  በTelegram ለማዘዝ ⤵️ ይጠቀሙ
@shager_onlinestore
  
ለተጨማሪ ማብራሪያ የቴሌግራም ገፃችን⤵️
https://t.me/Shageronlinestore",☀rechargeable breast pump ✨bpa free 👋portable ዋጋ 2100 ብር 🏢 አድራሻ ቁ1 👉 መገናኛ ታሜ ጋስ ህንፃ ጎን ስሪ ኤም ሲቲ ሞል ሁለተኛ ፎቅ ቢሮ ቁ sl05aከ ሊፍቱ ፊት ለ ፊት 📍ቁ2 👉ለቡ መዳህኒዓለም ቤተክርስቲያን ፊት ለፊት ዛምሞል 2ኛ ፎቅ ቢሮ ቁጥር214 📲 <phone> 📲 <phone> 👍ለቡ ቅርንጫፍ📲<phone> 🔖 💬 በtelegram ለማዘዝ ⤵️ ይጠቀሙ shageronlinestore ለተጨማሪ ማብራሪያ የቴሌግራም ገፃችን⤵️ <url>,"['☀rechargeable', 'breast', 'pump', '✨bpa', 'free', '👋portable', 'ዋጋ', '2100', 'ብር', '🏢', 'አድራሻ', 'ቁ1', '👉', 'መገናኛ', 'ታሜ', 'ጋስ', 'ህንፃ', 'ጎን', 'ስሪ', 'ኤም', 'ሲቲ', 'ሞል', 'ሁለተኛ', 'ፎቅ', 'ቢሮ', 'ቁ', 'sl05aከ', 'ሊፍቱ', 'ፊት', 'ለ', 'ፊት', '📍ቁ2', '👉ለቡ', 'መዳህኒዓለም', 'ቤተክርስቲያን', 'ፊት', 'ለፊት', 'ዛምሞል', '2ኛ', 'ፎቅ', 'ቢሮ', 'ቁጥር214', '📲', '<', 'phone', '>', '📲', '<', 'phone', '>', '👍ለቡ', 'ቅርንጫፍ📲', '<', 'phone', '>', '🔖', '💬', 'በtelegram', 'ለማዘዝ', '⤵️', 'ይጠቀሙ', 'shageronlinestore', 'ለተጨማሪ', 'ማብራሪያ', 'የቴሌግራም', 'ገፃችን⤵️', '<', 'url', '>']",data/images\7316.jpg,
7315,2025-06-11 13:49:38+00:00,,"💥SAACHI® CERAMIC PIZZA PAN

⚡️ለቤትና ለሬስቶራንት አገልግሎት የሚውል 

⚡️ለአጠቃቀም ሆነ ለአያያዝ ቀላልና ምቹ የሆነ 

⚡️እንዲሁም:- ለፒዛ ፣ ለቡና መቁያነት ፣ ለአንባሻ ፣ ለጨጨብሳ ፣ ለፈጢራ ፣ ለዳቦ ፣ ለጥብስና ለተለያዩ አገልግሎቶች የሚሆን


⚡️ከ normal pizza pan በጥራት የተሻለ

⚡️አነስተኛ የኤሌክትሪክ ፍጆታ የሚጠቀም  

     
      ዋጋ፦6000ብር✅

✖️ውስን ፍሬ ነው ያለው

🏢 አድራሻ  ቁ.1👉 መገናኛ ስሪ ኤም ሲቲ ሞል  ሁለተኛ ፎቅ ቢሮ ቁ. SL-05A(ከ ሊፍቱ ፊት ለ ፊት)

📍ቁ.2 👉ለቡ  መዳህኒዓለም ቤተ/ክርስቲያን ፊት ለፊት  #ዛም_ሞል 2ኛ ፎቅ ቢሮ ቁጥር.214


👍ለቡ ቅርንጫፍ📲0973611819



    📲 0909522840
    📲 0923350054

🔖
💬  በTelegram ለማዘዝ ⤵️ ይጠቀሙ
@shager_onlinestore
  
ለተጨማሪ ማብራሪያ የቴሌግራም ገፃችን⤵️
https://t.me/Shageronlinestore",💥saachi® ceramic pizza pan ⚡️ለቤትና ለሬስቶራንት አገልግሎት የሚውል ⚡️ለአጠቃቀም ሆነ ለአያያዝ ቀላልና ምቹ የሆነ ⚡️እንዲሁም ለፒዛ ለቡና መቁያነት ለአንባሻ ለጨጨብሳ ለፈጢራ ለዳቦ ለጥብስና ለተለያዩ አገልግሎቶች የሚሆን ⚡️ከ normal pizza pan በጥራት የተሻለ ⚡️አነስተኛ የኤሌክትሪክ ፍጆታ የሚጠቀም ዋጋ6000ብር✅ ✖️ውስን ፍሬ ነው ያለው 🏢 አድራሻ ቁ1👉 መገናኛ ስሪ ኤም ሲቲ ሞል ሁለተኛ ፎቅ ቢሮ ቁ sl05aከ ሊፍቱ ፊት ለ ፊት 📍ቁ2 👉ለቡ መዳህኒዓለም ቤተክርስቲያን ፊት ለፊት ዛምሞል 2ኛ ፎቅ ቢሮ ቁጥር214 👍ለቡ ቅርንጫፍ📲<phone> 📲 <phone> 📲 <phone> 🔖 💬 በtelegram ለማዘዝ ⤵️ ይጠቀሙ shageronlinestore ለተጨማሪ ማብራሪያ የቴሌግራም ገፃችን⤵️ <url>,"['💥saachi®', 'ceramic', 'pizza', 'pan', '⚡️ለቤትና', 'ለሬስቶራንት', 'አገልግሎት', 'የሚውል', '⚡️ለአጠቃቀም', 'ሆነ', 'ለአያያዝ', 'ቀላልና', 'ምቹ', 'የሆነ', '⚡️እንዲሁም', 'ለፒዛ', 'ለቡና', 'መቁያነት', 'ለአንባሻ', 'ለጨጨብሳ', 'ለፈጢራ', 'ለዳቦ', 'ለጥብስና', 'ለተለያዩ', 'አገልግሎቶች', 'የሚሆን', '⚡️ከ', 'normal', 'pizza', 'pan', 'በጥራት', 'የተሻለ', '⚡️አነስተኛ', 'የኤሌክትሪክ', 'ፍጆታ', 'የሚጠቀም', 'ዋጋ6000ብር✅', '✖️ውስን', 'ፍሬ', 'ነው', 'ያለው', '🏢', 'አድራሻ', 'ቁ1👉', 'መገናኛ', 'ስሪ', 'ኤም', 'ሲቲ', 'ሞል', 'ሁለተኛ', 'ፎቅ', 'ቢሮ', 'ቁ', 'sl05aከ', 'ሊፍቱ', 'ፊት', 'ለ', 'ፊት', '📍ቁ2', '👉ለቡ', 'መዳህኒዓለም', 'ቤተክርስቲያን', 'ፊት', 'ለፊት', 'ዛምሞል', '2ኛ', 'ፎቅ', 'ቢሮ', 'ቁጥር214', '👍ለቡ', 'ቅርንጫፍ📲', '<', 'phone', '>', '📲', '<', 'phone', '>', '📲', '<', 'phone', '>', '🔖', '💬', 'በtelegram', 'ለማዘዝ', '⤵️', 'ይጠቀሙ', 'shageronlinestore', 'ለተጨማሪ', 'ማብራሪያ', 'የቴሌግራም', 'ገፃችን⤵️', '<', 'url', '>']",data/images\7315.jpg,
